15.539,4044.326
17.967,1505.630
20.395,458.022
22.821,175.664
25.246,-83.306
27.671,-66.886
30.094,-40.151
32.517,-11.856
34.939,-74.122
37.359,-150.176
39.779,-4.418
42.198,77.700
44.616,-46.415
47.033,-176.009
49.449,-189.647
51.865,-257.462
54.279,-229.181
56.692,-159.903
59.105,-119.904
61.516,-94.222
63.927,-74.532
66.337,-47.450
68.746,-45.852
71.153,-75.211
73.560,-64.606
75.967,32.918
78.372,-7.818
80.776,-18.629
83.179,60.204
85.582,17.174
87.983,25.991
90.384,80.338
92.783,81.541
95.182,44.972
97.580,83.927
99.977,134.212
102.373,134.062
104.768,46.893
107.162,-17.437
109.556,92.925
111.948,68.329
114.340,41.998
116.730,48.170
119.120,-12.633
121.509,-12.403
123.897,-21.907
126.284,159.041
128.670,280.924
131.055,21.082
133.439,-16.310
135.823,119.255
138.205,116.854
140.587,-8.957
142.967,25.723
145.347,166.595
147.726,159.637
150.104,45.895
152.481,-8.109
154.857,22.816
157.232,105.023
159.607,123.708
161.980,42.033
164.353,-26.884
166.725,49.925
169.095,156.807
171.465,146.141
173.834,29.964
176.202,-45.936
178.570,4.890
180.936,44.781
183.302,44.988
185.666,217.679
188.030,431.571
190.393,99.034
192.754,16.315
195.115,112.380
197.476,110.383
199.835,88.497
202.193,37.515
204.551,-7.698
206.907,136.559
209.263,249.875
211.618,39.084
213.971,17.592
216.324,64.278
218.677,85.624
221.028,99.772
223.378,75.027
225.728,0.836
228.076,-23.415
230.424,-0.601
232.771,28.233
235.117,60.035
237.462,36.533
239.806,16.599
242.150,95.769
244.492,168.051
246.834,35.511
249.174,-28.717
251.514,77.604
253.853,136.602
256.191,24.368
258.528,-31.962
260.865,35.057
263.200,126.726
265.535,132.648
267.868,72.972
270.201,77.431
272.533,121.383
274.864,82.049
277.194,58.877
279.524,123.770
281.852,56.366
284.180,81.529
286.506,105.842
288.832,102.083
291.157,155.283
293.481,142.004
295.805,150.949
298.127,72.392
300.449,30.999
302.769,177.892
305.089,143.715
307.408,107.006
309.726,114.808
312.043,129.857
314.359,129.257
316.675,44.963
318.990,137.035
321.303,144.367
323.616,65.154
325.928,173.820
328.239,58.222
330.550,32.213
332.859,127.198
335.168,205.718
337.475,232.472
339.782,108.788
342.088,111.503
344.393,134.599
346.698,96.496
349.001,144.683
351.304,98.339
353.605,135.737
355.906,144.661
358.206,69.554
360.505,88.729
362.804,22.230
365.101,-21.193
367.398,25.948
369.693,120.193
371.988,180.752
374.282,109.876
376.575,73.915
378.868,48.484
381.159,23.422
383.450,113.308
385.740,118.264
388.029,84.171
390.317,86.042
392.604,125.917
394.890,138.818
397.176,25.585
399.461,40.162
401.744,70.373
404.028,0.826
406.310,56.949
408.591,135.689
410.871,71.541
413.151,50.253
415.430,126.975
417.708,59.570
419.985,97.049
422.261,95.427
424.537,66.659
426.811,81.025
429.085,60.882
431.358,119.953
433.630,100.291
435.901,52.084
438.172,54.485
440.441,44.879
442.710,194.653
444.978,169.382
447.245,82.603
449.511,69.094
451.776,-53.293
454.041,91.696
456.305,125.918
458.567,60.623
460.829,83.052
463.091,54.391
465.351,40.445
467.611,21.011
469.869,23.894
472.127,43.386
474.384,39.444
476.640,142.998
478.896,180.518
481.150,82.800
483.404,5.861
485.657,61.534
487.909,60.518
490.160,35.382
492.411,36.820
494.660,68.733
496.909,85.566
499.157,-5.791
501.404,30.654
503.650,79.111
505.896,53.889
508.140,95.309
510.384,34.275
512.627,16.036
514.869,56.384
517.111,54.592
519.351,26.365
521.591,80.311
523.830,13.099
526.068,-11.107
528.305,86.266
530.542,124.008
532.777,174.965
535.012,134.660
537.246,46.540
539.479,83.275
541.711,197.180
543.943,56.820
546.174,13.720
548.403,32.188
550.633,0.443
552.861,18.151
555.088,80.772
557.315,26.161
559.541,22.591
561.766,158.852
563.990,234.683
566.213,109.047
568.436,36.846
570.657,12.077
572.878,-0.225
575.099,39.857
577.318,84.697
579.536,91.026
581.754,107.755
583.971,62.791
586.187,-17.780
588.402,85.611
590.617,106.734
592.830,21.859
595.043,31.395
597.255,118.270
599.467,47.858
601.677,59.508
603.887,50.271
606.095,128.651
608.303,289.425
610.511,208.244
612.717,78.205
614.923,84.193
617.127,73.122
619.331,7.982
621.535,86.619
623.737,143.952
625.939,91.401
628.140,55.892
630.340,49.743
632.539,5.928
634.737,103.670
636.935,64.189
639.132,21.913
641.328,54.716
643.523,9.759
645.717,-10.976
647.911,-0.518
650.104,158.410
652.296,225.755
654.487,46.298
656.677,86.567
658.867,87.862
661.056,72.134
663.244,59.149
665.431,27.309
667.618,84.452
669.803,102.990
671.988,74.281
674.172,41.975
676.356,62.666
678.538,127.502
680.720,37.207
682.901,-9.589
685.081,42.243
687.260,84.256
689.439,86.926
691.617,84.747
693.794,77.571
695.970,84.449
698.145,68.717
700.320,46.510
702.494,182.931
704.667,158.586
706.839,76.060
709.011,57.254
711.182,-2.332
713.352,8.870
715.521,470.750
717.689,383.643
719.857,-26.818
722.023,72.838
724.189,104.692
726.355,88.727
728.519,55.309
730.683,29.407
732.846,63.120
735.008,114.038
737.169,19.055
739.330,44.618
741.490,61.253
743.649,34.527
745.807,149.746
747.964,41.527
750.121,22.074
752.277,59.552
754.432,126.573
756.587,239.441
758.740,72.104
760.893,7.522
763.045,37.692
765.196,53.120
767.347,103.425
769.497,178.814
771.645,120.172
773.794,47.837
775.941,23.695
778.088,-4.574
780.234,6.419
782.379,156.838
784.523,98.960
786.667,30.819
788.809,99.788
790.951,43.105
793.093,-16.385
795.233,33.501
797.373,175.714
799.512,211.376
801.650,84.287
803.787,107.531
805.924,210.671
808.060,161.513
810.195,81.170
812.330,111.678
814.463,70.765
816.596,89.673
818.728,97.587
820.859,80.776
822.990,94.535
825.120,128.028
827.249,124.938
829.377,10.924
831.505,-39.784
833.631,45.915
835.757,93.539
837.883,46.473
840.007,145.317
842.131,153.768
844.254,56.684
846.376,52.616
848.497,53.982
850.618,61.232
852.738,90.413
854.857,99.955
856.976,82.049
859.093,86.039
861.210,94.595
863.326,147.581
865.442,61.710
867.556,-1.043
869.670,169.013
871.783,100.217
873.896,-5.735
876.007,7.046
878.118,125.521
880.228,211.750
882.338,142.166
884.446,95.701
886.554,1.001
888.661,-12.198
890.768,79.402
892.873,59.603
894.978,44.914
897.082,59.554
899.186,63.274
901.289,30.077
903.390,22.170
905.492,104.204
907.592,42.812
909.692,-4.759
911.791,101.679
913.889,159.274
915.986,16.017
918.083,106.324
920.179,48.449
922.274,14.800
924.368,88.728
926.462,22.136
928.555,136.899
930.647,106.578
932.739,28.741
934.830,37.183
936.920,95.904
939.009,166.357
941.097,19.198
943.185,28.712
945.272,116.189
947.359,69.359
949.444,36.385
951.529,23.757
953.613,93.144
955.696,133.194
957.779,69.684
959.861,24.672
961.942,89.643
964.023,22.616
966.102,79.553
968.181,107.203
970.259,-13.847
972.337,18.717
974.414,-4.694
976.490,154.344
978.565,197.172
980.639,70.522
982.713,71.623
984.786,28.311
986.859,63.207
988.930,81.641
991.001,75.301
993.071,104.028
995.141,102.870
997.210,54.765
999.278,13.349
1001.345,135.350
1003.411,195.469
1005.477,-8.713
1007.542,2.873
1009.607,34.088
1011.670,155.317
1013.733,176.059
1015.795,15.183
1017.857,28.614
1019.917,30.731
1021.977,32.100
1024.037,68.458
1026.095,91.852
1028.153,53.293
1030.210,21.495
1032.266,133.278
1034.322,110.239
1036.377,0.238
1038.431,48.602
1040.485,130.848
1042.538,34.108
1044.590,16.151
1046.641,93.357
1048.692,101.703
1050.741,51.650
1052.791,96.478
1054.839,132.235
1056.887,70.073
1058.934,57.557
1060.980,84.532
1063.026,-22.671
1065.071,48.214
1067.115,82.631
1069.158,23.211
1071.201,4.701
1073.243,81.518
1075.284,146.307
1077.325,73.731
1079.365,20.710
1081.404,66.553
1083.442,89.329
1085.480,8.537
1087.517,1.390
1089.553,154.444
1091.589,155.845
1093.624,60.219
1095.658,101.061
1097.691,74.384
1099.724,4.607
1101.756,23.710
1103.787,109.051
1105.818,106.097
1107.848,39.165
1109.877,138.656
1111.906,31.541
1113.933,-18.014
1115.960,58.644
1117.987,59.920
1120.012,50.663
1122.037,71.109
1124.062,53.740
1126.085,33.326
1128.108,113.373
1130.130,179.635
1132.152,9.614
1134.172,72.872
1136.192,114.130
1138.212,49.482
1140.230,44.635
1142.248,76.952
1144.265,63.482
1146.282,8.083
1148.298,23.260
1150.313,66.986
1152.327,55.401
1154.341,57.927
1156.354,42.316
1158.366,-8.198
1160.378,66.301
1162.389,150.464
1164.399,49.295
1166.409,30.621
1168.417,37.823
1170.426,22.617
1172.433,5.124
1174.440,5.597
1176.446,11.789
1178.451,12.048
1180.456,33.793
1182.460,69.927
1184.463,80.187
1186.466,37.791
1188.467,-13.887
1190.469,28.762
1192.469,89.251
1194.469,70.112
1196.468,85.084
1198.466,169.580
1200.464,81.984
1202.461,98.689
1204.457,92.931
1206.453,120.226
1208.448,133.278
1210.442,4.802
1212.436,110.702
1214.429,67.968
1216.421,-22.326
1218.412,261.269
1220.403,517.772
1222.393,76.796
1224.383,13.770
1226.371,138.050
1228.359,101.942
1230.347,53.331
1232.334,140.135
1234.320,138.782
1236.305,122.804
1238.290,116.302
1240.273,45.408
1242.257,-10.897
1244.239,27.090
1246.221,20.339
1248.202,159.895
1250.183,129.485
1252.163,57.509
1254.142,93.466
1256.120,75.386
1258.098,162.067
1260.075,143.926
1262.052,54.207
1264.028,4.289
1266.003,5.409
1267.977,41.658
1269.951,109.965
1271.924,50.922
1273.896,10.610
1275.868,67.466
1277.839,93.512
1279.809,48.547
1281.779,53.206
1283.748,21.352
1285.716,11.430
1287.684,38.889
1289.651,47.677
1291.617,60.266
1293.583,14.058
1295.547,166.138
1297.512,115.305
1299.475,95.243
1301.438,392.147
1303.400,81.372
1305.362,147.923
1307.323,130.765
1309.283,5.563
1311.243,63.553
1313.201,122.993
1315.160,92.850
1317.117,33.729
1319.074,34.112
1321.030,26.227
1322.986,-15.348
1324.940,15.397
1326.895,78.401
1328.848,31.385
1330.801,75.220
1332.753,109.156
1334.705,35.480
1336.655,83.394
1338.606,186.702
1340.555,171.323
1342.504,25.023
1344.452,34.927
1346.400,150.869
1348.346,6.585
1350.293,-26.083
1352.238,38.603
1354.183,47.056
1356.127,12.345
1358.071,43.858
1360.013,118.250
1361.956,92.597
1363.897,44.239
1365.838,23.467
1367.778,50.354
1369.718,51.412
1371.657,-10.412
1373.595,153.545
1375.532,182.901
1377.469,90.064
1379.405,66.966
1381.341,128.069
1383.276,178.679
1385.210,128.129
1387.144,87.809
1389.077,121.408
1391.009,145.767
1392.941,84.284
1394.872,46.373
1396.802,169.206
1398.731,93.610
1400.660,-39.364
1402.589,11.366
1404.516,130.910
1406.444,135.491
1408.370,113.170
1410.296,58.361
1412.221,222.503
1414.145,318.761
1416.069,88.881
1417.992,76.561
1419.914,218.682
1421.836,121.239
1423.757,61.217
1425.678,84.702
1427.598,55.684
1429.517,142.709
1431.435,14.560
1433.353,67.149
1435.270,149.080
1437.187,109.541
1439.103,117.437
1441.018,146.598
1442.933,21.217
1444.847,83.705
1446.760,84.417
1448.673,0.186
1450.585,40.980
1452.496,65.744
1454.407,66.035
1456.317,-25.868
1458.227,44.854
1460.135,120.965
1462.043,42.454
1463.951,77.149
1465.858,42.146
1467.764,15.066
1469.670,94.306
1471.575,96.962
1473.479,5.092
1475.383,73.872
1477.286,138.574
1479.188,71.715
1481.090,34.797
1482.991,67.791
1484.891,58.750
1486.791,37.810
1488.690,116.793
1490.589,13.485
1492.486,-2.704
1494.384,17.636
1496.280,27.879
1498.176,164.730
1500.072,125.112
1501.966,3.867
1503.860,11.015
1505.754,36.607
1507.646,17.629
1509.538,68.551
1511.430,107.972
1513.321,33.767
1515.211,25.363
1517.101,64.467
1518.990,45.792
1520.878,38.962
1522.765,120.095
1524.653,83.019
1526.539,31.547
1528.425,9.496
1530.310,-1.410
1532.194,-10.018
1534.078,5.600
1535.961,116.138
1537.844,68.746
1539.726,95.935
1541.607,149.071
1543.488,65.439
1545.368,41.525
1547.247,63.226
1549.126,10.932
1551.004,55.102
1552.882,107.711
1554.759,71.640
1556.635,70.703
1558.511,55.655
1560.386,10.283
1562.260,35.491
1564.134,81.150
1566.007,77.353
1567.880,36.043
1569.752,-1.926
1571.623,88.432
1573.493,22.933
1575.363,40.731
1577.233,88.692
1579.102,30.946
1580.970,151.787
1582.837,113.322
1584.704,91.051
1586.570,132.714
1588.436,7.445
1590.301,111.787
1592.165,603.441
1594.029,124.730
1595.892,-19.782
1597.755,48.677
1599.617,10.228
1601.478,43.578
1603.338,144.117
1605.198,49.176
1607.058,-15.383
1608.917,53.742
1610.775,117.124
1612.632,61.398
1614.489,23.221
1616.346,105.086
1618.201,11.530
1620.056,78.716
1621.911,125.162
1623.765,126.549
1625.618,111.755
1627.470,29.170
1629.322,179.612
1631.174,65.763
1633.024,65.080
1634.874,92.451
1636.724,-0.112
1638.573,28.771
1640.421,132.801
1642.269,107.400
1644.116,96.430
1645.962,74.520
1647.808,34.108
1649.653,41.562
1651.498,44.708
1653.342,-6.480
1655.185,22.534
1657.028,37.235
1658.870,107.503
1660.712,126.299
1662.552,59.863
1664.393,265.965
1666.232,75.387
1668.071,57.925
1669.910,174.249
1671.748,135.606
1673.585,51.223
1675.422,20.857
1677.258,13.952
1679.093,362.280
1680.928,269.654
1682.762,24.625
1684.596,88.574
1686.429,87.180
1688.261,66.931
1690.093,-18.391
1691.924,35.765
1693.754,109.860
1695.584,142.002
1697.414,197.064
1699.242,176.910
1701.071,79.658
1702.898,36.868
1704.725,-7.965
1706.551,71.096
1708.377,176.210
1710.202,85.688
1712.027,56.484
1713.851,54.463
1715.674,10.702
1717.497,44.417
1719.319,43.278
1721.140,-23.382
1722.961,51.391
1724.781,44.534
1726.601,41.240
1728.420,86.994
1730.238,101.980
1732.056,73.426
1733.874,66.371
1735.690,71.170
1737.506,64.363
1739.322,68.491
1741.137,29.021
1742.951,50.831
1744.765,130.540
1746.578,80.082
1748.390,1.767
1750.202,22.101
1752.013,31.222
1753.824,100.329
1755.634,117.787
1757.444,50.022
1759.253,110.667
1761.061,6.855
1762.869,44.138
1764.676,44.499
1766.482,1.463
1768.288,17.432
1770.094,28.122
1771.898,32.829
1773.702,25.006
1775.506,38.546
1777.309,50.396
1779.111,39.754
1780.913,51.705
1782.714,79.841
1784.515,32.851
1786.315,62.452
1788.114,46.428
1789.913,-20.093
1791.711,28.445
1793.509,133.592
1795.306,87.500
1797.102,51.041
1798.898,-7.476
1800.694,61.684
1802.488,86.626
1804.282,73.258
1806.076,120.357
1807.869,48.037
1809.661,85.540
1811.453,6.998
1813.244,241.906
1815.035,231.359
1816.824,-2.349
1818.614,154.011
1820.403,66.022
1822.191,139.193
1823.979,111.953
1825.766,105.711
1827.552,119.742
1829.338,22.021
1831.123,18.120
1832.908,229.091
1834.692,141.222
1836.476,61.538
1838.259,13.382
1840.041,39.315
1841.823,88.470
1843.604,14.780
1845.385,110.425
1847.165,64.999
1848.944,22.168
1850.723,83.015
1852.501,72.704
1854.279,12.083
1856.056,62.043
1857.833,5.242
1859.609,85.699
1861.384,126.462
1863.159,49.518
1864.933,52.342
1866.707,112.778
1868.480,49.786
1870.253,111.544
1872.024,138.560
1873.796,99.092
1875.567,82.474
1877.337,98.572
1879.106,67.886
1880.875,-16.383
1882.644,-26.794
1884.412,54.280
1886.179,37.624
1887.946,55.048
1889.712,139.015
1891.478,171.013
1893.243,174.755
1895.007,85.642
1896.771,76.642
1898.534,138.303
1900.297,119.333
1902.059,55.276
1903.821,68.708
1905.582,99.280
1907.342,57.416
1909.102,-15.080
1910.861,35.803
1912.620,81.288
1914.378,50.737
1916.136,44.803
1917.893,70.988
1919.649,95.937
1921.405,129.739
1923.160,158.059
1924.915,62.492
1926.669,46.215
1928.423,154.263
1930.176,94.541
1931.928,77.009
1933.680,27.977
1935.432,142.130
1937.182,118.435
1938.933,83.756
1940.682,129.132
1942.431,-20.721
1944.180,47.180
1945.928,76.071
1947.675,83.861
1949.422,105.413
1951.168,86.591
1952.914,23.617
1954.659,20.495
1956.403,87.830
1958.147,-4.790
1959.891,83.311
1961.633,92.057
1963.376,24.210
1965.117,84.162
1966.858,110.900
1968.599,20.766
1970.339,96.407
1972.079,124.159
1973.817,22.718
1975.556,19.787
1977.294,78.673
1979.031,90.086
1980.767,187.674
1982.503,117.265
1984.239,90.277
1985.974,167.077
1987.708,104.265
1989.442,-34.073
1991.176,25.424
1992.908,136.481
1994.640,30.295
1996.372,106.370
1998.103,72.524
1999.834,12.288
2001.564,59.068
2003.293,105.565
2005.022,88.483
2006.750,43.378
2008.478,47.282
2010.205,34.030
2011.932,50.444
2013.658,37.829
2015.383,59.775
2017.108,112.676
2018.832,-4.054
2020.556,42.239
2022.279,12.931
2024.002,50.495
2025.724,123.715
2027.446,110.525
2029.167,80.527
2030.888,69.732
2032.607,2.572
2034.327,86.671
2036.046,147.266
2037.764,70.257
2039.482,38.361
2041.199,34.326
2042.916,-1.388
2044.632,127.933
2046.347,36.618
2048.062,50.857
2049.777,47.410
2051.491,35.807
2053.204,60.170
2054.917,54.391
2056.629,61.674
2058.341,57.821
2060.052,15.365
2061.762,-6.615
2063.472,57.645
2065.182,62.308
2066.891,17.297
2068.599,75.688
2070.307,118.264
2072.014,150.654
2073.721,63.842
2075.427,10.078
2077.133,207.213
2078.838,260.184
2080.543,37.254
2082.247,34.230
2083.950,27.225
2085.653,64.910
2087.356,60.316
2089.058,21.508
2090.759,-10.943
2092.460,11.495
2094.160,56.479
2095.860,16.758
2097.559,18.001
2099.257,42.692
2100.955,56.364
2102.653,7.885
2104.350,29.816
2106.046,123.482
2107.742,128.691
2109.438,127.218
2111.132,22.558
2112.827,25.677
2114.520,80.842
2116.214,31.518
2117.906,188.506
2119.598,339.591
2121.290,-3.677
2122.981,61.381
2124.672,66.281
2126.362,106.258
2128.051,71.956
2129.740,-4.547
2131.428,19.349
2133.116,85.856
2134.803,98.610
2136.490,46.205
2138.176,-1.737
2139.862,97.095
2141.547,160.763
2143.232,84.007
2144.916,75.821
2146.599,136.655
2148.282,31.948
2149.965,79.992
2151.647,96.270
2153.328,44.847
2155.009,28.331
2156.689,-15.323
2158.369,1.956
2160.048,135.638
2161.727,127.279
2163.405,246.606
2165.083,74.424
2166.760,34.229
2168.436,108.768
2170.112,57.404
2171.788,7.960
2173.463,38.904
2175.137,-8.499
2176.811,26.754
2178.485,82.096
2180.158,38.515
2181.830,27.798
2183.502,40.866
2185.173,46.606
2186.844,82.431
2188.514,13.043
2190.184,42.656
2191.853,71.050
2193.522,26.290
2195.190,151.498
2196.857,149.810
2198.524,-8.468
2200.191,194.537
2201.857,369.457
2203.522,141.338
2205.187,42.666
2206.852,38.973
2208.516,162.516
2210.179,145.156
2211.842,-6.675
2213.504,53.945
2215.166,50.071
2216.827,58.776
2218.488,51.430
2220.148,46.180
2221.808,80.409
2223.467,63.570
2225.126,42.808
2226.784,57.388
2228.441,-6.666
2230.099,142.792
2231.755,198.695
2233.411,147.169
2235.067,44.244
2236.722,9.428
2238.376,47.343
2240.030,86.999
2241.684,127.102
2243.336,34.356
2244.989,2.331
2246.641,152.486
2248.292,107.156
2249.943,17.586
2251.593,34.894
2253.243,27.155
2254.892,74.317
2256.541,110.858
2258.189,15.656
2259.837,93.149
2261.484,59.837
2263.131,-3.432
2264.777,31.583
2266.423,46.247
2268.068,65.939
2269.712,115.779
2271.357,33.213
2273.000,83.743
2274.643,79.242
2276.286,71.158
2277.928,72.696
2279.569,15.172
2281.210,4.557
2282.851,71.612
2284.491,36.698
2286.130,-2.944
2287.769,53.674
2289.408,26.512
2291.046,21.351
2292.683,29.295
2294.320,25.320
2295.956,110.024
2297.592,69.228
2299.227,52.091
2300.862,59.492
2302.497,38.690
2304.130,21.044
2305.764,31.118
2307.397,14.591
2309.029,-4.023
2310.661,61.183
2312.292,118.280
2313.923,177.633
2315.553,64.977
2317.183,89.197
2318.812,62.507
2320.441,-0.160
2322.069,37.915
2323.696,29.572
2325.324,60.966
2326.950,-21.385
2328.577,23.990
2330.202,-1.530
2331.827,90.465
2333.452,275.547
2335.076,211.755
2336.700,50.138
2338.323,95.546
2339.946,47.278
2341.568,105.029
2343.189,54.075
2344.810,23.041
2346.431,54.495
2348.051,10.148
2349.671,-13.577
2351.290,41.688
2352.908,41.948
2354.526,123.132
2356.144,29.494
2357.761,157.483
2359.378,83.772
2360.994,118.326
2362.609,125.835
2364.224,41.126
2365.839,154.980
2367.453,101.718
2369.066,82.000
2370.680,40.998
2372.292,105.281
2373.904,59.228
2375.516,21.040
2377.127,17.376
2378.737,34.607
2380.347,94.017
2381.957,53.585
2383.566,140.534
2385.174,155.713
2386.782,69.376
2388.390,26.545
2389.997,10.240
2391.604,158.164
2393.210,202.993
2394.815,-21.123
2396.420,17.698
2398.025,42.676
2399.629,210.855
2401.232,59.047
2402.835,245.309
2404.438,280.253
2406.040,89.491
2407.642,42.785
2409.243,33.395
2410.843,119.959
2412.443,121.050
2414.043,74.021
2415.642,48.456
2417.241,182.720
2418.839,108.263
2420.436,-47.781
2422.033,31.002
2423.630,102.523
2425.226,15.276
2426.822,37.010
2428.417,81.092
2430.012,137.787
2431.606,124.216
2433.199,49.905
2434.793,36.154
2436.385,133.849
2437.977,157.629
2439.569,53.408
2441.160,74.045
2442.751,66.636
2444.341,103.031
2445.931,99.510
2447.520,105.746
2449.109,99.344
2450.697,30.139
2452.285,127.191
2453.872,262.362
2455.459,56.037
2457.045,88.253
2458.631,84.883
2460.216,27.918
2461.801,52.201
2463.385,13.659
2464.969,58.260
2466.553,112.032
2468.135,37.320
2469.718,53.862
2471.300,79.127
2472.881,106.950
2474.462,-22.704
2476.042,59.640
2477.622,154.768
2479.202,144.606
2480.781,94.913
2482.359,56.278
2483.937,10.512
2485.515,3.038
2487.092,175.738
2488.668,72.841
2490.244,44.560
2491.820,101.394
2493.395,73.379
2494.970,-10.306
2496.544,26.516
2498.118,103.731
2499.691,51.123
2501.263,27.742
2502.836,72.306
2504.407,69.308
2505.978,86.811
2507.549,112.322
2509.119,2.005
2510.689,3.019
2512.259,104.489
2513.827,93.049
2515.396,92.674
2516.964,100.266
2518.531,41.037
2520.098,46.485
2521.664,40.986
2523.230,113.267
2524.796,146.089
2526.361,93.308
2527.925,131.552
2529.489,165.036
2531.053,220.628
2532.616,441.714
2534.178,56.322
2535.740,-39.358
2537.302,156.074
2538.863,131.341
2540.424,66.602
2541.984,96.695
2543.544,54.212
2545.103,35.600
2546.662,114.296
2548.220,38.759
2549.778,73.260
2551.335,419.552
2552.892,183.036
2554.448,-4.882
2556.004,-6.971
2557.560,88.394
2559.115,114.459
2560.669,61.577
2562.223,73.609
2563.777,16.087
2565.330,23.522
2566.882,85.033
2568.434,56.384
2569.986,13.547
2571.537,27.074
2573.088,78.436
2574.638,89.476
2576.188,45.891
2577.737,41.240
2579.286,96.842
2580.834,97.416
2582.382,44.090
2583.929,53.006
2585.476,131.410
2587.023,88.758
2588.569,-0.132
2590.114,-0.736
2591.659,106.083
2593.204,162.333
2594.748,110.055
2596.291,79.042
2597.835,-5.816
2599.377,60.163
2600.919,49.941
2602.461,123.924
2604.002,149.269
2605.543,133.494
2607.084,84.490
2608.623,61.763
2610.163,80.020
2611.702,33.420
2613.240,18.544
2614.778,35.510
2616.316,73.091
2617.853,20.575
2619.389,83.254
2620.925,12.154
2622.461,75.263
2623.996,106.952
2625.531,3.161
2627.065,35.195
2628.599,59.406
2630.132,36.833
2631.665,-6.109
2633.198,59.129
2634.730,129.070
2636.261,75.422
2637.792,-2.000
2639.323,128.632
2640.853,114.117
2642.382,92.735
2643.911,174.940
2645.440,4.112
2646.968,25.558
2648.496,8.944
2650.023,63.102
2651.550,-17.416
2653.077,138.788
2654.603,140.169
2656.128,10.827
2657.653,32.295
2659.178,95.541
2660.702,70.351
2662.225,29.364
2663.748,44.482
2665.271,114.736
2666.793,81.571
2668.315,119.798
2669.836,33.535
2671.357,1.004
2672.878,101.324
2674.398,132.089
2675.917,124.259
2677.436,82.336
2678.955,4.586
2680.473,41.841
2681.990,13.662
2683.508,68.939
2685.024,259.154
2686.541,65.462
2688.056,93.597
2689.572,95.644
2691.087,-3.075
2692.601,57.075
2694.115,69.863
2695.629,7.014
2697.142,74.638
2698.654,47.405
2700.166,35.422
2701.678,118.546
2703.189,6.840
2704.700,116.586
2706.210,40.464
2707.720,19.493
2709.230,48.495
2710.739,2.515
2712.247,16.060
2713.755,70.304
2715.263,72.820
2716.770,85.432
2718.277,86.388
2719.783,26.271
2721.289,61.619
2722.794,-5.466
2724.299,82.324
2725.804,49.803
2727.308,-9.922
2728.811,86.370
2730.314,99.484
2731.817,12.535
2733.319,39.452
2734.821,61.114
2736.322,26.436
2737.823,67.637
2739.323,53.756
2740.823,77.372
2742.323,137.780
2743.822,143.078
2745.320,31.468
2746.818,110.323
2748.316,99.346
2749.813,8.780
2751.310,60.742
2752.806,-25.879
2754.302,156.843
2755.798,165.992
2757.293,42.791
2758.787,111.536
2760.281,87.514
2761.775,23.048
2763.268,50.201
2764.761,37.036
2766.253,57.067
2767.745,119.154
2769.237,100.739
2770.728,73.951
2772.218,52.952
2773.708,14.997
2775.198,51.682
2776.687,143.344
2778.176,115.553
2779.664,43.081
2781.152,61.115
2782.639,23.283
2784.126,123.178
2785.613,124.099
2787.099,46.515
2788.585,71.157
2790.070,13.842
2791.555,24.430
2793.039,15.550
2794.523,87.002
2796.006,10.855
2797.489,9.137
2798.972,10.592
2800.454,37.083
2801.935,61.082
2803.417,83.583
2804.897,111.862
2806.378,41.647
2807.858,-13.036
2809.337,71.954
2810.816,53.567
2812.295,-4.605
2813.773,99.128
2815.250,5.319
2816.728,84.830
2818.204,54.256
2819.681,64.732
2821.157,56.245
2822.632,85.623
2824.107,116.406
2825.582,109.995
2827.056,68.345
2828.530,83.071
2830.003,100.190
2831.476,-28.714
2832.948,42.235
2834.420,99.956
2835.892,57.382
2837.363,34.274
2838.834,61.779
2840.304,75.185
2841.774,162.120
2843.243,101.391
2844.712,88.301
2846.181,57.163
2847.649,38.533
2849.116,81.037
2850.583,5.227
2852.050,86.380
2853.516,139.709
2854.982,73.813
2856.448,87.744
2857.913,36.329
2859.377,60.850
2860.841,13.852
2862.305,97.276
2863.768,104.565
2865.231,35.536
2866.694,51.909
2868.156,366.076
2869.617,367.107
2871.078,0.229
2872.539,92.694
2873.999,30.395
2875.459,-9.825
2876.918,83.536
2878.377,-17.815
2879.836,58.896
2881.294,89.320
2882.752,76.426
2884.209,11.597
2885.666,90.598
2887.122,63.263
2888.578,41.709
2890.033,47.704
2891.489,92.199
2892.943,144.035
2894.397,19.353
2895.851,89.791
2897.304,13.957
2898.757,20.452
2900.210,147.293
2901.662,49.848
2903.114,114.499
2904.565,67.563
2906.016,99.469
2907.466,102.820
2908.916,20.063
2910.365,115.760
2911.814,90.746
2913.263,68.239
2914.711,106.031
2916.159,-25.355
2917.606,72.361
2919.053,61.483
2920.500,60.782
2921.946,88.541
2923.392,91.251
2924.837,41.460
2926.282,0.899
2927.726,78.441
2929.170,115.756
2930.614,92.232
2932.057,41.168
2933.499,28.183
2934.942,43.110
2936.383,57.407
2937.825,109.447
2939.266,96.767
2940.706,34.215
2942.146,39.805
2943.586,19.423
2945.025,204.562
2946.464,6.865
2947.903,115.019
2949.341,-14.094
2950.778,15.815
2952.216,90.637
2953.652,100.626
2955.089,162.249
2956.525,162.063
2957.960,180.835
2959.395,125.872
2960.830,15.090
2962.264,20.910
2963.698,64.370
2965.131,166.536
2966.564,159.501
2967.997,40.047
2969.429,128.245
2970.861,89.616
2972.292,37.439
2973.723,-0.822
2975.153,129.936
2976.583,100.663
2978.013,13.757
2979.442,-5.768
2980.871,47.498
2982.299,88.109
2983.727,82.818
2985.155,23.794
2986.582,37.034
2988.008,137.498
2989.435,94.477
2990.861,23.820
2992.286,54.995
2993.711,35.663
2995.136,69.495
2996.560,32.961
2997.984,131.622
2999.407,75.485
3000.830,71.480
3002.252,67.890
3003.674,51.473
3005.096,17.794
3006.517,23.995
3007.938,159.284
3009.359,227.545
3010.779,185.796
3012.198,-42.151
3013.618,459.566
3015.036,849.823
3016.455,33.185
3017.873,76.518
3019.290,88.737
3020.707,94.499
3022.124,15.712
3023.540,17.607
3024.956,31.159
3026.372,152.619
3027.787,154.443
3029.202,52.039
3030.616,29.401
3032.030,60.946
3033.443,51.625
3034.856,37.874
3036.269,46.941
3037.681,135.817
3039.093,194.072
3040.504,52.342
3041.915,20.190
3043.325,128.550
3044.736,51.501
3046.145,42.998
3047.555,66.640
3048.964,25.290
3050.372,78.701
3051.780,78.808
3053.188,168.904
3054.595,175.090
3056.002,57.746
3057.408,72.385
3058.814,85.727
3060.220,2.368
3061.625,66.240
3063.030,29.335
3064.435,-24.433
3065.839,77.845
3067.242,106.630
3068.645,145.348
3070.048,167.647
3071.450,30.080
3072.852,-20.238
3074.254,154.300
3075.655,146.871
3077.056,249.948
3078.456,715.430
3079.856,-16.616
3081.256,98.328
3082.655,94.414
3084.054,81.444
3085.452,131.090
3086.850,92.732
3088.247,102.657
3089.644,79.466
3091.041,57.068
3092.437,30.623
3093.833,183.706
3095.229,190.114
3096.624,206.546
3098.018,141.046
3099.413,47.073
3100.807,74.803
3102.200,60.444
3103.593,24.835
3104.986,174.546
3106.378,186.190
3107.770,31.562
3109.161,145.089
3110.552,121.540
3111.943,166.916
3113.333,20.001
3114.723,88.657
3116.113,136.589
3117.502,118.417
3118.890,132.479
3120.279,73.056
3121.666,98.297
3123.054,42.425
3124.441,104.340
3125.828,128.325
3127.214,194.720
3128.600,149.087
3129.985,151.470
3131.370,117.187
3132.755,-68.549
3134.139,-2.496
3135.523,150.295
3136.906,219.154
3138.289,209.848
3139.672,120.899
3141.054,102.010
3142.436,126.846
3143.818,160.134
3145.199,204.214
3146.579,235.865
3147.960,97.523
3149.339,124.082
3150.719,143.512
3152.098,120.413
3153.477,137.785
3154.855,129.220
3156.233,74.286
3157.610,74.174
3158.987,238.858
3160.364,-73.771
3161.740,44.331
3163.116,59.493
3164.492,21.557
3165.867,93.838
3167.242,158.981
3168.616,126.253
3169.990,162.342
3171.363,120.768
3172.737,69.037
3174.109,118.429
3175.482,91.014
3176.854,57.934
3178.225,72.337
3179.596,95.424
3180.967,115.574
3182.338,49.945
3183.708,16.022
3185.077,51.730
3186.446,29.373
3187.815,18.062
3189.184,210.423
3190.552,350.307
3191.919,4.405
3193.287,11.805
3194.653,68.161
3196.020,2.698
3197.386,89.568
3198.752,80.934
3200.117,83.653
3201.482,8.956
3202.846,44.548
3204.210,61.515
3205.574,55.316
3206.938,65.819
3208.300,122.852
3209.663,41.460
3211.025,33.010
3212.387,110.980
3213.748,97.311
3215.109,215.475
3216.470,104.190
3217.830,22.451
3219.190,84.753
3220.550,94.188
3221.909,6.231
3223.267,66.096
3224.626,107.184
3225.983,66.945
3227.341,37.663
3228.698,35.194
3230.055,83.370
3231.411,38.221
3232.767,-4.636
3234.123,88.598
3235.478,126.073
3236.833,72.739
3238.187,148.146
3239.541,90.729
3240.895,48.910
3242.248,154.821
3243.601,216.956
3244.953,70.924
3246.306,86.775
3247.657,-41.995
3249.009,87.278
3250.360,-0.799
3251.710,113.374
3253.060,121.447
3254.410,29.819
3255.760,41.229
3257.109,87.549
3258.457,79.549
3259.805,105.249
3261.153,22.790
3262.501,84.515
3263.848,19.373
3265.195,77.524
3266.541,80.145
3267.887,79.141
3269.233,15.275
3270.578,96.902
3271.923,-2.975
3273.267,41.956
3274.611,79.462
3275.955,167.573
3277.298,53.922
3278.641,18.963
3279.983,82.198
3281.326,62.519
3282.667,27.388
3284.009,72.617
3285.350,148.711
3286.690,19.673
3288.031,7.147
3289.370,66.350
3290.710,60.205
3292.049,37.367
3293.388,35.512
3294.726,59.239
3296.064,58.165
3297.402,90.535
3298.739,96.513
3300.076,82.867
3301.412,114.305
3302.748,43.820
3304.084,16.511
3305.419,81.064
3306.754,14.625
3308.089,-21.582
3309.423,24.286
3310.757,50.460
3312.090,37.905
3313.423,142.056
3314.756,86.846
3316.088,58.811
3317.420,61.816
3318.752,95.127
3320.083,72.707
3321.414,76.022
3322.744,46.758
3324.074,112.193
3325.404,-0.361
3326.733,27.569
3328.062,34.102
3329.391,52.795
3330.719,4.134
3332.046,27.559
3333.374,51.214
3334.701,54.637
3336.028,21.056
3337.354,70.867
3338.680,180.018
3340.005,45.961
3341.331,10.508
3342.655,110.178
3343.980,86.750
3345.304,145.685
3346.627,16.319
3347.951,-14.834
3349.274,92.932
3350.596,34.077
3351.918,77.014
3353.240,34.477
3354.562,286.123
3355.883,79.340
3357.203,103.506
3358.524,9.091
3359.844,-14.799
3361.163,121.601
3362.483,190.945
3363.801,85.865
3365.120,71.544
3366.438,131.609
3367.756,78.710
3369.073,98.516
3370.390,67.724
3371.707,47.479
3373.023,52.200
3374.339,89.981
3375.654,-6.281
3376.969,29.899
3378.284,22.881
3379.599,119.776
3380.913,17.298
3382.226,18.492
3383.540,43.423
3384.853,66.018
3386.165,95.264
3387.477,75.902
3388.789,51.500
3390.101,65.696
3391.412,52.141
3392.722,98.704
3394.033,193.950
3395.343,39.939
3396.652,143.417
3397.962,17.548
3399.270,125.604
3400.579,63.821
3401.887,25.686
3403.195,26.104
3404.502,224.034
3405.809,5.127
3407.116,17.406
3408.422,88.050
3409.728,98.747
3411.034,13.743
3412.339,40.416
3413.644,58.014
3414.948,138.376
3416.253,-38.692
3417.556,42.428
3418.860,197.662
3420.163,73.105
3421.465,25.208
3422.768,38.186
3424.070,109.365
3425.371,111.857
3426.672,102.364
3427.973,104.740
3429.274,64.322
3430.574,110.025
3431.874,105.214
3433.173,41.352
3434.472,56.835
3435.771,113.117
3437.069,61.830
3438.367,75.497
3439.665,95.672
3440.962,1.915
3442.259,-20.814
3443.555,100.254
3444.851,97.731
3446.147,105.604
3447.442,116.453
3448.738,52.803
3450.032,150.479
3451.327,78.645
3452.621,39.632
3453.914,-0.444
3455.207,80.910
3456.500,143.265
3457.793,34.943
3459.085,54.047
3460.377,178.811
3461.668,56.730
3462.959,3.104
3464.250,61.476
3465.540,47.852
3466.830,37.816
3468.120,63.884
3469.409,29.850
3470.698,39.648
3471.987,210.212
3473.275,292.537
3474.563,58.697
3475.850,15.591
3477.138,83.392
3478.424,84.220
3479.711,15.649
3480.997,41.888
3482.283,46.763
3483.568,59.651
3484.853,-14.837
3486.138,321.976
3487.422,216.924
3488.706,24.292
3489.989,129.162
3491.273,53.824
3492.556,73.364
3493.838,33.492
3495.120,29.066
3496.402,55.813
3497.683,79.082
3498.965,74.230
3500.245,83.942
3501.526,-2.571
3502.806,69.747
3504.085,50.787
3505.365,18.460
3506.644,39.924
3507.922,-21.351
3509.200,89.111
3510.478,63.984
3511.756,102.081
3513.033,26.192
3514.310,58.954
3515.586,24.758
3516.863,88.530
3518.138,69.024
3519.414,114.542
3520.689,63.995
3521.964,132.937
3523.238,49.476
3524.512,18.295
3525.786,107.451
3527.059,60.729
3528.332,113.636
3529.604,114.227
3530.877,58.437
3532.149,121.558
3533.420,12.326
3534.691,-22.216
3535.962,87.150
3537.233,15.848
3538.503,136.245
3539.773,36.320
3541.042,39.105
3542.311,60.270
3543.580,-1.098
3544.848,28.795
3546.116,12.916
3547.384,4.585
3548.651,49.641
3549.918,42.134
3551.185,50.930
3552.451,108.776
3553.717,84.520
3554.983,56.815
3556.248,40.565
3557.513,6.938
3558.778,125.677
3560.042,62.689
3561.306,38.915
3562.569,48.054
3563.832,56.985
3565.095,40.374
3566.358,33.619
3567.620,36.582
3568.882,50.143
3570.143,16.615
3571.404,47.064
3572.665,155.211
3573.925,168.296
3575.185,14.970
3576.445,41.796
3577.704,234.668
3578.963,173.039
3580.222,2.409
3581.480,161.847
3582.738,103.890
3583.996,47.739
3585.253,125.679
3586.510,161.928
3587.767,79.724
3589.023,39.037
3590.279,76.282
3591.534,0.709
3592.790,32.337
3594.044,-19.333
3595.299,26.319
3596.553,64.539
3597.807,135.697
3599.060,72.907
3600.314,79.706
3601.566,8.603
3602.819,24.566
3604.071,6.520
3605.323,41.185
3606.574,70.712
3607.825,51.783
3609.076,84.980
3610.326,92.967
3611.576,-8.091
3612.826,94.005
3614.075,83.707
3615.324,22.962
3616.573,21.297
3617.821,92.913
3619.069,198.999
3620.317,93.801
3621.564,60.956
3622.811,185.768
3624.058,105.374
3625.304,134.292
3626.550,75.218
3627.796,105.822
3629.041,-2.883
3630.286,-7.404
3631.531,23.949
3632.775,145.382
3634.019,-4.377
3635.262,104.717
3636.506,43.037
3637.749,25.410
3638.991,73.906
3640.233,133.254
3641.475,18.603
3642.717,33.408
3643.958,67.658
3645.199,81.521
3646.439,123.535
3647.680,47.710
3648.919,16.880
3650.159,139.564
3651.398,95.189
3652.637,111.328
3653.875,20.882
3655.114,-19.004
3656.351,123.707
3657.589,179.586
3658.826,62.202
3660.063,56.178
3661.299,33.663
3662.535,33.176
3663.771,18.182
3665.007,94.947
3666.242,185.629
3667.477,93.678
3668.711,86.289
3669.945,88.465
3671.179,33.927
3672.412,23.017
3673.645,83.383
3674.878,74.300
3676.111,66.889
3677.343,159.020
3678.575,44.877
3679.806,61.408
3681.037,44.629
3682.268,101.715
3683.498,102.296
3684.728,49.735
3685.958,-0.288
3687.188,94.326
3688.417,0.093
3689.645,82.087
3690.874,34.060
3692.102,40.088
3693.330,86.000
3694.557,61.389
3695.784,197.564
3697.011,89.697
3698.237,39.992
3699.464,-16.498
3700.689,117.877
3701.915,141.161
3703.140,104.987
3704.365,58.267
3705.589,83.261
3706.813,-34.539
3708.037,121.494
3709.260,41.579
3710.483,126.102
3711.706,125.772
3712.929,61.032
3714.151,103.308
3715.373,108.886
3716.594,320.334
3717.815,112.216
3719.036,73.641
3720.256,78.581
3721.477,43.857
3722.696,95.752
3723.916,-1.498
3725.135,47.835
3726.354,18.818
3727.572,120.665
3728.790,131.588
3730.008,42.996
3731.226,25.735
3732.443,82.512
3733.660,127.366
3734.876,64.073
3736.092,132.559
3737.308,8.562
3738.524,56.352
3739.739,-0.090
3740.954,120.157
3742.168,-4.240
3743.383,123.804
3744.596,239.793
3745.810,41.969
3747.023,77.471
3748.236,45.351
3749.449,32.995
3750.661,12.172
3751.873,25.357
3753.085,71.996
3754.296,8.999
3755.507,58.248
3756.717,220.786
3757.928,111.966
3759.138,-0.689
3760.347,93.186
3761.557,58.750
3762.766,64.648
3763.974,86.339
3765.182,38.256
3766.391,62.915
3767.598,70.711
3768.806,93.848
3770.013,16.694
3771.219,74.265
3772.426,-1.020
3773.632,104.232
3774.837,82.833
3776.043,100.467
3777.248,54.230
3778.453,95.207
3779.657,-7.697
3780.861,62.074
3782.065,24.108
3783.269,3.139
3784.472,125.868
3785.675,91.412
3786.877,148.789
3788.079,128.188
3789.281,58.003
3790.483,98.752
3791.684,45.152
3792.885,71.470
3794.085,74.054
3795.285,311.953
3796.485,703.502
3797.685,-26.122
3798.884,107.973
3800.083,51.274
3801.282,244.605
3802.480,178.262
3803.678,48.868
3804.876,62.487
3806.073,141.701
3807.270,43.025
3808.467,60.210
3809.663,12.912
3810.859,105.936
3812.055,29.582
3813.250,6.558
3814.446,60.130
3815.640,94.413
3816.835,14.987
3818.029,47.266
3819.223,23.580
3820.416,84.330
3821.610,22.881
3822.802,17.780
3823.995,98.568
3825.187,70.725
3826.379,27.559
3827.571,93.639
3828.762,71.102
3829.953,-23.449
3831.144,48.246
3832.334,68.613
3833.524,20.056
3834.714,11.354
3835.903,9.818
3837.092,94.630
3838.281,189.123
3839.469,63.180
3840.657,69.989
3841.845,66.177
3843.032,50.904
3844.220,73.996
3845.406,135.070
3846.593,79.056
3847.779,83.533
3848.965,70.131
3850.150,185.525
3851.336,72.251
3852.521,57.291
3853.705,39.883
3854.890,54.050
3856.074,72.273
3857.257,-35.256
3858.441,101.363
3859.624,99.445
3860.806,21.777
3861.989,21.895
