15.539,3910.409
17.967,1679.012
20.395,569.287
22.821,167.129
25.246,-84.380
27.671,-111.250
30.094,-43.316
32.517,20.375
34.939,-31.711
37.359,-106.724
39.779,-10.691
42.198,0.031
44.616,-143.536
47.033,-165.797
49.449,-85.016
51.865,-296.281
54.279,-254.128
56.692,-102.550
59.105,-80.021
61.516,-122.564
63.927,-115.834
66.337,-78.839
68.746,-41.144
71.153,-34.896
73.560,-46.357
75.967,5.644
78.372,-9.563
80.776,-25.106
83.179,10.745
85.582,26.582
87.983,85.915
90.384,77.470
92.783,58.332
95.182,85.769
97.580,58.982
99.977,31.297
102.373,72.747
104.768,68.245
107.162,-5.654
109.556,38.781
111.948,-1.126
114.340,61.871
116.730,112.657
119.120,-25.272
121.509,-1.795
123.897,-4.999
126.284,129.816
128.670,250.588
131.055,53.685
133.439,-15.122
135.823,115.118
138.205,155.610
140.587,21.972
142.967,-22.757
145.347,112.873
147.726,99.284
150.104,54.226
152.481,107.714
154.857,52.779
157.232,-13.228
159.607,-5.487
161.980,38.693
164.353,45.735
166.725,31.110
169.095,91.405
171.465,129.411
173.834,47.400
176.202,-52.664
178.570,6.648
180.936,12.114
183.302,4.126
185.666,229.205
188.030,509.666
190.393,223.261
192.754,47.868
195.115,68.601
197.476,75.261
199.835,44.108
202.193,-4.953
204.551,-18.507
206.907,112.127
209.263,191.572
211.618,17.008
213.971,17.602
216.324,101.951
218.677,109.972
221.028,50.722
223.378,7.727
225.728,-25.208
228.076,3.954
230.424,2.961
232.771,-10.651
235.117,79.784
237.462,7.119
239.806,-3.515
242.150,77.061
244.492,109.652
246.834,91.216
249.174,-10.082
251.514,58.001
253.853,104.608
256.191,-22.360
258.528,26.772
260.865,24.898
263.200,70.116
265.535,85.266
267.868,11.821
270.201,122.944
272.533,125.877
274.864,107.341
277.194,94.482
279.524,19.413
281.852,21.722
284.180,1.421
286.506,69.654
288.832,147.913
291.157,115.819
293.481,204.506
295.805,187.956
298.127,79.156
300.449,48.695
302.769,110.903
305.089,107.658
307.408,141.402
309.726,146.192
312.043,92.852
314.359,80.052
316.675,101.070
318.990,138.128
321.303,123.170
323.616,104.596
325.928,143.338
328.239,69.770
330.550,78.008
332.859,129.460
335.168,125.273
337.475,110.764
339.782,83.685
342.088,107.592
344.393,130.647
346.698,133.965
349.001,151.922
351.304,80.609
353.605,120.978
355.906,115.671
358.206,21.332
360.505,84.644
362.804,75.098
365.101,28.067
367.398,53.473
369.693,151.365
371.988,195.059
374.282,73.311
376.575,18.251
378.868,60.608
381.159,49.375
383.450,0.809
385.740,128.431
388.029,101.927
390.317,30.725
392.604,70.682
394.890,17.048
397.176,42.961
399.461,68.006
401.744,87.011
404.028,99.518
406.310,57.563
408.591,144.653
410.871,61.792
413.151,-5.006
415.430,75.009
417.708,-6.357
419.985,74.375
422.261,87.485
424.537,63.739
426.811,92.345
429.085,16.270
431.358,44.571
433.630,88.966
435.901,102.150
438.172,65.786
440.441,9.561
442.710,247.422
444.978,184.457
447.245,71.632
449.511,158.581
451.776,1.360
454.041,128.264
456.305,140.930
458.567,96.398
460.829,134.019
463.091,15.633
465.351,135.402
467.611,149.429
469.869,86.978
472.127,73.614
474.384,-17.792
476.640,128.959
478.896,175.208
481.150,51.220
483.404,-3.466
485.657,73.333
487.909,99.085
490.160,130.665
492.411,87.325
494.660,-12.659
496.909,33.314
499.157,108.426
501.404,39.804
503.650,11.584
505.896,74.445
508.140,28.640
510.384,47.680
512.627,62.239
514.869,77.518
517.111,67.405
519.351,10.212
521.591,107.386
523.830,24.288
526.068,36.764
528.305,187.555
530.542,98.724
532.777,67.813
535.012,83.148
537.246,44.440
539.479,62.631
541.711,182.020
543.943,62.121
546.174,1.879
548.403,19.172
550.633,13.569
552.861,21.124
555.088,48.670
557.315,1.087
559.541,-1.521
561.766,125.562
563.990,237.020
566.213,145.861
568.436,20.923
570.657,17.665
572.878,69.629
575.099,47.156
577.318,11.464
579.536,89.506
581.754,106.344
583.971,19.987
586.187,-10.371
588.402,55.881
590.617,60.193
592.830,28.339
595.043,78.213
597.255,137.393
599.467,36.374
601.677,43.162
603.887,66.487
606.095,169.426
608.303,283.458
610.511,115.573
612.717,10.268
614.923,54.359
617.127,90.433
619.331,68.561
621.535,71.788
623.737,13.157
625.939,43.431
628.140,32.496
630.340,-9.867
632.539,98.466
634.737,106.781
636.935,87.688
639.132,52.179
641.328,55.728
643.523,110.466
645.717,6.473
647.911,22.957
650.104,107.542
652.296,96.093
654.487,54.308
656.677,133.072
658.867,129.518
661.056,74.975
663.244,36.533
665.431,19.464
667.618,54.220
669.803,95.544
671.988,33.831
674.172,9.642
676.356,100.612
678.538,100.857
680.720,45.086
682.901,-38.212
685.081,11.887
687.260,103.701
689.439,13.403
691.617,99.397
693.794,75.015
695.970,82.762
698.145,140.634
700.320,33.959
702.494,107.174
704.667,115.343
706.839,73.149
709.011,50.058
711.182,4.328
713.352,84.505
715.521,530.865
717.689,415.142
719.857,23.907
722.023,119.788
724.189,91.097
726.355,105.412
728.519,122.954
730.683,76.492
732.846,39.947
735.008,55.732
737.169,3.489
739.330,104.863
741.490,92.680
743.649,-24.095
745.807,104.090
747.964,-2.180
750.121,31.288
752.277,90.575
754.432,136.035
756.587,276.569
758.740,132.736
760.893,96.967
763.045,100.150
765.196,67.157
767.347,128.918
769.497,221.615
771.645,121.589
773.794,36.915
775.941,18.553
778.088,-4.014
780.234,34.176
782.379,53.468
784.523,18.150
786.667,12.244
788.809,53.699
790.951,61.948
793.093,62.346
795.233,68.746
797.373,133.696
799.512,148.605
801.650,35.876
803.787,41.547
805.924,154.905
808.060,119.894
810.195,7.691
812.330,38.027
814.463,95.500
816.596,9.967
818.728,23.426
820.859,72.727
822.990,49.776
825.120,73.399
827.249,34.354
829.377,40.436
831.505,2.248
833.631,27.308
835.757,182.357
837.883,34.462
840.007,89.431
842.131,164.163
844.254,109.823
846.376,60.364
848.497,17.136
850.618,116.527
852.738,100.051
854.857,9.149
856.976,22.052
859.093,48.636
861.210,8.264
863.326,62.604
865.442,64.533
867.556,33.462
869.670,148.359
871.783,155.476
873.896,-20.404
876.007,-5.414
878.118,232.745
880.228,324.745
882.338,161.282
884.446,98.395
886.554,100.771
888.661,54.177
890.768,0.042
892.873,13.930
894.978,40.143
897.082,144.709
899.186,129.022
901.289,28.938
903.390,78.206
905.492,147.418
907.592,103.541
909.692,-11.830
911.791,60.069
913.889,199.919
915.986,42.596
918.083,160.738
920.179,72.730
922.274,-3.653
924.368,100.393
926.462,62.032
928.555,113.918
930.647,36.068
932.739,80.196
934.830,102.090
936.920,-0.914
939.009,234.926
941.097,113.508
943.185,45.997
945.272,60.392
947.359,-2.910
949.444,47.923
951.529,60.836
953.613,126.508
955.696,179.017
957.779,116.160
959.861,35.884
961.942,91.772
964.023,61.197
966.102,-0.429
968.181,33.735
970.259,82.784
972.337,6.676
974.414,-19.040
976.490,84.678
978.565,212.337
980.639,191.143
982.713,46.878
984.786,41.805
986.859,94.406
988.930,75.458
991.001,113.183
993.071,203.087
995.141,109.208
997.210,69.668
999.278,57.562
1001.345,185.054
1003.411,261.002
1005.477,58.517
1007.542,16.208
1009.607,53.782
1011.670,204.276
1013.733,238.799
1015.795,54.849
1017.857,10.088
1019.917,68.471
1021.977,4.153
1024.037,55.647
1026.095,140.236
1028.153,-10.079
1030.210,33.582
1032.266,76.573
1034.322,67.121
1036.377,22.758
1038.431,14.273
1040.485,106.214
1042.538,62.427
1044.590,26.599
1046.641,74.776
1048.692,105.170
1050.741,68.365
1052.791,86.927
1054.839,152.035
1056.887,86.982
1058.934,65.431
1060.980,138.988
1063.026,65.530
1065.071,146.682
1067.115,116.417
1069.158,17.185
1071.201,-16.082
1073.243,25.008
1075.284,147.811
1077.325,92.799
1079.365,3.222
1081.404,18.768
1083.442,79.937
1085.480,81.997
1087.517,36.129
1089.553,79.165
1091.589,61.324
1093.624,108.715
1095.658,243.969
1097.691,57.808
1099.724,39.044
1101.756,10.177
1103.787,72.809
1105.818,205.308
1107.848,118.678
1109.877,58.199
1111.906,-6.079
1113.933,-25.983
1115.960,36.813
1117.987,123.131
1120.012,163.732
1122.037,153.182
1124.062,54.630
1126.085,33.256
1128.108,173.396
1130.130,246.556
1132.152,80.754
1134.172,142.729
1136.192,132.365
1138.212,16.707
1140.230,72.689
1142.248,206.214
1144.265,80.485
1146.282,51.864
1148.298,18.626
1150.313,-24.418
1152.327,63.311
1154.341,112.340
1156.354,49.046
1158.366,37.381
1160.378,96.066
1162.389,121.336
1164.399,85.849
1166.409,64.056
1168.417,63.900
1170.426,57.994
1172.433,71.231
1174.440,92.217
1176.446,53.185
1178.451,8.295
1180.456,84.311
1182.460,80.329
1184.463,-1.726
1186.466,22.483
1188.467,96.374
1190.469,100.505
1192.469,67.029
1194.469,40.950
1196.468,91.583
1198.466,159.401
1200.464,44.601
1202.461,22.485
1204.457,83.719
1206.453,206.359
1208.448,229.437
1210.442,59.945
1212.436,111.226
1214.429,97.550
1216.421,20.319
1218.412,295.836
1220.403,579.713
1222.393,118.707
1224.383,-52.179
1226.371,134.025
1228.359,164.442
1230.347,91.320
1232.334,163.267
1234.320,124.836
1236.305,126.218
1238.290,123.909
1240.273,41.597
1242.257,-3.669
1244.239,56.988
1246.221,55.660
1248.202,177.684
1250.183,142.233
1252.163,60.353
1254.142,81.720
1256.120,59.418
1258.098,113.979
1260.075,196.503
1262.052,159.144
1264.028,50.832
1266.003,-2.137
1267.977,31.648
1269.951,148.486
1271.924,35.058
1273.896,36.646
1275.868,118.472
1277.839,26.077
1279.809,22.643
1281.779,66.121
1283.748,14.525
1285.716,-21.433
1287.684,54.726
1289.651,116.881
1291.617,52.208
1293.583,64.280
1295.547,159.415
1297.512,40.918
1299.475,85.707
1301.438,438.599
1303.400,117.564
1305.362,158.328
1307.323,193.270
1309.283,38.301
1311.243,42.780
1313.201,177.622
1315.160,59.544
1317.117,54.331
1319.074,62.090
1321.030,23.353
1322.986,31.497
1324.940,78.605
1326.895,103.470
1328.848,51.504
1330.801,84.281
1332.753,65.466
1334.705,-13.472
1336.655,92.101
1338.606,114.112
1340.555,152.028
1342.504,38.844
1344.452,0.982
1346.400,120.211
1348.346,14.357
1350.293,-4.197
1352.238,40.101
1354.183,77.973
1356.127,31.137
1358.071,16.493
1360.013,172.211
1361.956,75.099
1363.897,-0.692
1365.838,38.908
1367.778,81.317
1369.718,48.936
1371.657,-4.237
1373.595,94.799
1375.532,143.047
1377.469,140.155
1379.405,95.155
1381.341,72.447
1383.276,190.945
1385.210,113.657
1387.144,120.255
1389.077,143.529
1391.009,109.475
1392.941,60.140
1394.872,-16.023
1396.802,142.905
1398.731,83.644
1400.660,-12.539
1402.589,37.655
1404.516,83.580
1406.444,110.784
1408.370,82.819
1410.296,12.254
1412.221,196.508
1414.145,336.675
1416.069,123.819
1417.992,61.679
1419.914,112.841
1421.836,23.429
1423.757,30.291
1425.678,78.481
1427.598,58.566
1429.517,196.445
1431.435,48.747
1433.353,104.321
1435.270,165.814
1437.187,130.086
1439.103,181.679
1441.018,167.758
1442.933,82.094
1444.847,-5.485
1446.760,6.358
1448.673,19.869
1450.585,36.710
1452.496,167.943
1454.407,31.947
1456.317,-13.163
1458.227,126.651
1460.135,188.292
1462.043,88.599
1463.951,57.067
1465.858,123.451
1467.764,73.121
1469.670,90.757
1471.575,68.710
1473.479,-15.534
1475.383,125.005
1477.286,157.157
1479.188,61.418
1481.090,62.951
1482.991,81.395
1484.891,46.092
1486.791,99.665
1488.690,118.039
1490.589,45.116
1492.486,52.332
1494.384,54.965
1496.280,72.138
1498.176,185.124
1500.072,64.851
1501.966,16.995
1503.860,50.221
1505.754,34.895
1507.646,-7.467
1509.538,19.012
1511.430,62.623
1513.321,12.370
1515.211,36.157
1517.101,68.875
1518.990,58.423
1520.878,76.392
1522.765,89.870
1524.653,107.797
1526.539,9.740
1528.425,15.856
1530.310,80.482
1532.194,31.540
1534.078,44.580
1535.961,85.855
1537.844,64.386
1539.726,134.651
1541.607,202.611
1543.488,118.904
1545.368,37.379
1547.247,23.723
1549.126,-34.788
1551.004,116.619
1552.882,158.229
1554.759,29.785
1556.635,114.927
1558.511,51.938
1560.386,-4.980
1562.260,100.439
1564.134,115.982
1566.007,36.712
1567.880,72.547
1569.752,64.103
1571.623,53.981
1573.493,9.208
1575.363,13.606
1577.233,34.541
1579.102,57.422
1580.970,165.540
1582.837,93.667
1584.704,23.907
1586.570,137.600
1588.436,72.090
1590.301,159.117
1592.165,678.917
1594.029,97.466
1595.892,21.592
1597.755,52.998
1599.617,8.934
1601.478,74.005
1603.338,50.702
1605.198,28.362
1607.058,-12.665
1608.917,0.885
1610.775,29.004
1612.632,29.997
1614.489,28.393
1616.346,37.964
1618.201,65.011
1620.056,47.061
1621.911,132.651
1623.765,167.490
1625.618,58.382
1627.470,57.250
1629.322,126.189
1631.174,92.419
1633.024,63.649
1634.874,141.669
1636.724,133.834
1638.573,20.241
1640.421,103.266
1642.269,0.223
1644.116,79.890
1645.962,92.816
1647.808,36.354
1649.653,80.986
1651.498,19.982
1653.342,20.062
1655.185,8.193
1657.028,47.181
1658.870,107.738
1660.712,92.702
1662.552,140.380
1664.393,359.152
1666.232,146.145
1668.071,72.510
1669.910,210.396
1671.748,192.693
1673.585,86.402
1675.422,106.009
1677.258,-29.657
1679.093,351.071
1680.928,269.386
1682.762,-5.841
1684.596,81.588
1686.429,66.976
1688.261,29.716
1690.093,-17.425
1691.924,30.319
1693.754,115.399
1695.584,150.679
1697.414,168.887
1699.242,208.441
1701.071,180.947
1702.898,49.962
1704.725,32.335
1706.551,92.772
1708.377,111.011
1710.202,91.236
1712.027,33.087
1713.851,86.707
1715.674,-2.627
1717.497,43.819
1719.319,106.388
1721.140,1.387
1722.961,45.422
1724.781,42.121
1726.601,63.215
1728.420,58.958
1730.238,74.245
1732.056,98.137
1733.874,65.963
1735.690,54.052
1737.506,32.509
1739.322,91.233
1741.137,38.753
1742.951,7.089
1744.765,79.800
1746.578,41.604
1748.390,34.531
1750.202,35.766
1752.013,76.655
1753.824,82.545
1755.634,39.537
1757.444,46.906
1759.253,97.931
1761.061,57.236
1762.869,2.977
1764.676,48.526
1766.482,57.648
1768.288,31.327
1770.094,44.709
1771.898,-18.384
1773.702,109.077
1775.506,26.140
1777.309,41.708
1779.111,79.461
1780.913,7.740
1782.714,65.567
1784.515,18.557
1786.315,130.049
1788.114,115.771
1789.913,44.112
1791.711,73.178
1793.509,127.493
1795.306,128.225
1797.102,67.167
1798.898,-12.133
1800.694,-0.543
1802.488,26.171
1804.282,47.041
1806.076,100.698
1807.869,104.284
1809.661,90.331
1811.453,24.438
1813.244,226.548
1815.035,290.718
1816.824,93.934
1818.614,96.038
1820.403,102.036
1822.191,-14.669
1823.979,52.231
1825.766,25.352
1827.552,27.663
1829.338,94.423
1831.123,26.638
1832.908,193.256
1834.692,104.210
1836.476,73.081
1838.259,24.531
1840.041,-0.296
1841.823,58.775
1843.604,50.281
1845.385,142.636
1847.165,91.297
1848.944,31.619
1850.723,91.027
1852.501,93.704
1854.279,13.053
1856.056,35.351
1857.833,37.717
1859.609,192.260
1861.384,185.395
1863.159,31.032
1864.933,32.458
1866.707,106.771
1868.480,13.088
1870.253,65.074
1872.024,61.700
1873.796,32.929
1875.567,36.522
1877.337,55.765
1879.106,43.537
1880.875,-12.898
1882.644,-8.835
1884.412,57.818
1886.179,68.539
1887.946,101.688
1889.712,117.445
1891.478,81.413
1893.243,110.030
1895.007,28.968
1896.771,38.958
1898.534,129.838
1900.297,124.838
1902.059,63.413
1903.821,61.291
1905.582,79.630
1907.342,121.117
1909.102,29.012
1910.861,53.853
1912.620,74.699
1914.378,66.194
1916.136,73.627
1917.893,-5.932
1919.649,97.975
1921.405,108.434
1923.160,144.101
1924.915,66.031
1926.669,79.963
1928.423,221.487
1930.176,76.568
1931.928,25.721
1933.680,-5.222
1935.432,146.559
1937.182,111.119
1938.933,54.054
1940.682,109.725
1942.431,-39.649
1944.180,51.623
1945.928,108.405
1947.675,85.620
1949.422,69.813
1951.168,52.791
1952.914,31.872
1954.659,54.939
1956.403,70.019
1958.147,35.772
1959.891,134.344
1961.633,69.002
1963.376,10.414
1965.117,75.046
1966.858,55.042
1968.599,107.749
1970.339,58.968
1972.079,40.029
1973.817,37.264
1975.556,41.370
1977.294,31.902
1979.031,38.249
1980.767,133.025
1982.503,119.962
1984.239,118.006
1985.974,38.480
1987.708,40.980
1989.442,34.302
1991.176,-14.396
1992.908,104.503
1994.640,18.565
1996.372,29.010
1998.103,3.101
1999.834,24.870
2001.564,85.055
2003.293,93.000
2005.022,81.869
2006.750,18.393
2008.478,28.124
2010.205,0.087
2011.932,45.010
2013.658,7.289
2015.383,45.365
2017.108,208.735
2018.832,24.113
2020.556,107.977
2022.279,26.956
2024.002,50.414
2025.724,83.163
2027.446,47.048
2029.167,44.065
2030.888,-1.304
2032.607,36.770
2034.327,45.860
2036.046,96.803
2037.764,48.427
2039.482,34.807
2041.199,35.931
2042.916,-9.375
2044.632,177.432
2046.347,14.234
2048.062,50.481
2049.777,69.011
2051.491,36.245
2053.204,35.858
2054.917,67.392
2056.629,180.092
2058.341,115.127
2060.052,9.042
2061.762,11.476
2063.472,41.857
2065.182,27.149
2066.891,11.048
2068.599,37.259
2070.307,102.259
2072.014,176.345
2073.721,91.790
2075.427,4.448
2077.133,226.557
2078.838,343.430
2080.543,93.878
2082.247,13.282
2083.950,48.217
2085.653,93.923
2087.356,79.408
2089.058,16.249
2090.759,-6.154
2092.460,55.606
2094.160,102.580
2095.860,48.068
2097.559,22.945
2099.257,36.768
2100.955,31.968
2102.653,5.774
2104.350,-0.234
2106.046,94.457
2107.742,186.705
2109.438,52.858
2111.132,59.553
2112.827,69.483
2114.520,98.665
2116.214,35.114
2117.906,195.090
2119.598,368.333
2121.290,5.048
2122.981,101.723
2124.672,-1.979
2126.362,99.019
2128.051,119.677
2129.740,40.412
2131.428,19.000
2133.116,56.605
2134.803,185.898
2136.490,12.443
2138.176,-25.681
2139.862,68.763
2141.547,182.144
2143.232,120.482
2144.916,66.335
2146.599,144.970
2148.282,9.731
2149.965,113.871
2151.647,109.347
2153.328,51.379
2155.009,58.862
2156.689,61.253
2158.369,56.775
2160.048,76.779
2161.727,67.341
2163.405,177.895
2165.083,116.026
2166.760,-8.359
2168.436,123.502
2170.112,130.048
2171.788,-16.171
2173.463,88.120
2175.137,19.302
2176.811,93.114
2178.485,103.335
2180.158,62.701
2181.830,87.426
2183.502,81.893
2185.173,69.768
2186.844,140.539
2188.514,99.163
2190.184,105.304
2191.853,57.206
2193.522,35.590
2195.190,166.693
2196.857,154.353
2198.524,8.187
2200.191,180.607
2201.857,376.971
2203.522,98.064
2205.187,4.332
2206.852,100.641
2208.516,98.192
2210.179,89.637
2211.842,64.728
2213.504,-17.844
2215.166,117.368
2216.827,68.736
2218.488,66.340
2220.148,51.940
2221.808,93.215
2223.467,68.109
2225.126,17.039
2226.784,56.211
2228.441,2.214
2230.099,183.972
2231.755,130.070
2233.411,153.251
2235.067,74.367
2236.722,18.662
2238.376,50.665
2240.030,49.772
2241.684,169.630
2243.336,40.425
2244.989,-6.956
2246.641,141.170
2248.292,183.037
2249.943,65.486
2251.593,40.402
2253.243,65.942
2254.892,10.831
2256.541,123.712
2258.189,36.627
2259.837,116.025
2261.484,16.094
2263.131,-3.985
2264.777,61.427
2266.423,11.279
2268.068,58.861
2269.712,95.747
2271.357,86.120
2273.000,25.612
2274.643,42.011
2276.286,60.514
2277.928,121.490
2279.569,82.703
2281.210,-3.169
2282.851,165.686
2284.491,31.229
2286.130,29.255
2287.769,56.834
2289.408,64.021
2291.046,43.654
2292.683,-7.122
2294.320,15.284
2295.956,141.573
2297.592,158.240
2299.227,-1.507
2300.862,54.855
2302.497,139.164
2304.130,53.877
2305.764,1.135
2307.397,50.631
2309.029,51.605
2310.661,61.614
2312.292,125.593
2313.923,135.574
2315.553,75.450
2317.183,16.202
2318.812,24.075
2320.441,17.593
2322.069,2.875
2323.696,78.377
2325.324,109.288
2326.950,36.854
2328.577,-7.551
2330.202,27.305
2331.827,148.652
2333.452,338.066
2335.076,236.076
2336.700,-4.626
2338.323,97.156
2339.946,14.397
2341.568,27.330
2343.189,-20.184
2344.810,11.610
2346.431,45.460
2348.051,66.048
2349.671,80.688
2351.290,49.766
2352.908,83.638
2354.526,138.055
2356.144,86.132
2357.761,127.267
2359.378,59.114
2360.994,91.444
2362.609,102.469
2364.224,30.897
2365.839,122.569
2367.453,149.754
2369.066,77.352
2370.680,132.306
2372.292,131.413
2373.904,110.794
2375.516,64.025
2377.127,29.163
2378.737,32.723
2380.347,38.032
2381.957,65.991
2383.566,70.193
2385.174,172.746
2386.782,40.492
2388.390,45.216
2389.997,54.629
2391.604,124.738
2393.210,162.612
2394.815,-3.229
2396.420,34.990
2398.025,-27.443
2399.629,141.623
2401.232,39.727
2402.835,264.240
2404.438,203.780
2406.040,49.983
2407.642,96.133
2409.243,20.324
2410.843,168.267
2412.443,112.093
2414.043,61.199
2415.642,-8.502
2417.241,217.921
2418.839,145.644
2420.436,16.401
2422.033,65.742
2423.630,-0.131
2425.226,36.101
2426.822,46.176
2428.417,71.542
2430.012,5.831
2431.606,98.773
2433.199,84.147
2434.793,56.815
2436.385,131.809
2437.977,132.488
2439.569,52.939
2441.160,-3.170
2442.751,102.622
2444.341,60.081
2445.931,64.078
2447.520,35.952
2449.109,19.556
2450.697,-1.137
2452.285,95.371
2453.872,228.316
2455.459,32.644
2457.045,54.272
2458.631,84.758
2460.216,90.958
2461.801,23.664
2463.385,16.860
2464.969,51.056
2466.553,50.644
2468.135,30.535
2469.718,29.448
2471.300,95.166
2472.881,66.382
2474.462,31.337
2476.042,38.963
2477.622,240.863
2479.202,179.262
2480.781,18.921
2482.359,-1.117
2483.937,-6.331
2485.515,143.248
2487.092,117.267
2488.668,87.214
2490.244,42.052
2491.820,69.516
2493.395,67.723
2494.970,17.268
2496.544,49.997
2498.118,116.826
2499.691,80.134
2501.263,72.877
2502.836,142.321
2504.407,-15.329
2505.978,79.647
2507.549,69.092
2509.119,33.084
2510.689,49.050
2512.259,82.602
2513.827,141.656
2515.396,124.591
2516.964,62.102
2518.531,44.353
2520.098,34.046
2521.664,74.140
2523.230,166.146
2524.796,158.518
2526.361,104.869
2527.925,159.972
2529.489,160.820
2531.053,232.257
2532.616,536.008
2534.178,96.766
2535.740,-47.830
2537.302,173.556
2538.863,75.904
2540.424,51.201
2541.984,82.464
2543.544,50.265
2545.103,74.244
2546.662,35.096
2548.220,5.604
2549.778,95.704
2551.335,349.726
2552.892,100.475
2554.448,38.442
2556.004,18.248
2557.560,84.208
2559.115,110.959
2560.669,62.169
2562.223,94.972
2563.777,-14.440
2565.330,91.278
2566.882,50.996
2568.434,99.422
2569.986,140.396
2571.537,89.025
2573.088,81.366
2574.638,90.856
2576.188,47.732
2577.737,51.472
2579.286,98.160
2580.834,63.416
2582.382,57.810
2583.929,141.420
2585.476,154.394
2587.023,106.831
2588.569,19.530
2590.114,-18.474
2591.659,129.976
2593.204,188.316
2594.748,102.918
2596.291,171.233
2597.835,-17.057
2599.377,84.411
2600.919,59.942
2602.461,148.701
2604.002,163.066
2605.543,122.271
2607.084,108.371
2608.623,92.761
2610.163,60.680
2611.702,59.541
2613.240,138.245
2614.778,104.769
2616.316,101.335
2617.853,62.322
2619.389,72.878
2620.925,-8.873
2622.461,25.725
2623.996,116.243
2625.531,65.900
2627.065,62.545
2628.599,127.852
2630.132,42.143
2631.665,15.340
2633.198,92.545
2634.730,54.903
2636.261,68.693
2637.792,11.466
2639.323,109.755
2640.853,111.294
2642.382,97.654
2643.911,192.124
2645.440,48.950
2646.968,39.131
2648.496,-1.673
2650.023,100.870
2651.550,13.797
2653.077,285.422
2654.603,151.532
2656.128,-17.105
2657.653,35.654
2659.178,39.207
2660.702,-6.524
2662.225,4.729
2663.748,130.853
2665.271,69.423
2666.793,60.394
2668.315,87.600
2669.836,20.931
2671.357,22.649
2672.878,78.009
2674.398,151.822
2675.917,171.967
2677.436,64.071
2678.955,20.798
2680.473,109.602
2681.990,61.696
2683.508,114.065
2685.024,275.255
2686.541,96.354
2688.056,129.628
2689.572,109.926
2691.087,13.790
2692.601,67.770
2694.115,44.521
2695.629,2.133
2697.142,97.468
2698.654,21.671
2700.166,34.435
2701.678,97.743
2703.189,70.693
2704.700,93.813
2706.210,75.129
2707.720,64.893
2709.230,63.831
2710.739,10.544
2712.247,41.520
2713.755,126.844
2715.263,104.868
2716.770,85.427
2718.277,58.726
2719.783,110.290
2721.289,-14.379
2722.794,42.449
2724.299,-9.810
2725.804,10.424
2727.308,68.322
2728.811,101.771
2730.314,50.101
2731.817,-1.136
2733.319,86.608
2734.821,69.353
2736.322,51.953
2737.823,80.903
2739.323,75.920
2740.823,24.851
2742.323,120.917
2743.822,83.212
2745.320,-19.990
2746.818,79.401
2748.316,123.667
2749.813,83.837
2751.310,84.501
2752.806,29.601
2754.302,169.493
2755.798,95.860
2757.293,4.006
2758.787,88.246
2760.281,95.076
2761.775,72.726
2763.268,91.379
2764.761,107.197
2766.253,99.586
2767.745,81.031
2769.237,54.515
2770.728,61.992
2772.218,78.751
2773.708,12.164
2775.198,45.875
2776.687,103.825
2778.176,140.736
2779.664,48.298
2781.152,69.454
2782.639,1.035
2784.126,99.619
2785.613,79.167
2787.099,2.515
2788.585,71.498
2790.070,-0.734
2791.555,66.502
2793.039,71.994
2794.523,105.496
2796.006,30.031
2797.489,53.340
2798.972,25.171
2800.454,85.628
2801.935,83.380
2803.417,77.792
2804.897,95.302
2806.378,77.547
2807.858,23.943
2809.337,18.723
2810.816,47.966
2812.295,-7.809
2813.773,144.437
2815.250,35.376
2816.728,120.457
2818.204,83.568
2819.681,68.867
2821.157,73.540
2822.632,93.330
2824.107,150.907
2825.582,132.912
2827.056,34.927
2828.530,62.830
2830.003,74.314
2831.476,-50.993
2832.948,98.803
2834.420,116.044
2835.892,103.100
2837.363,9.352
2838.834,66.320
2840.304,85.834
2841.774,176.824
2843.243,158.169
2844.712,102.871
2846.181,30.911
2847.649,41.316
2849.116,88.557
2850.583,25.885
2852.050,123.908
2853.516,134.330
2854.982,75.476
2856.448,100.283
2857.913,42.507
2859.377,4.957
2860.841,29.239
2862.305,45.313
2863.768,54.334
2865.231,31.279
2866.694,3.212
2868.156,352.903
2869.617,453.906
2871.078,46.544
2872.539,65.525
2873.999,62.052
2875.459,12.059
2876.918,22.080
2878.377,44.842
2879.836,59.098
2881.294,61.868
2882.752,117.288
2884.209,-5.500
2885.666,83.250
2887.122,52.505
2888.578,34.562
2890.033,40.468
2891.489,43.878
2892.943,142.137
2894.397,61.844
2895.851,119.758
2897.304,15.176
2898.757,43.390
2900.210,215.828
2901.662,45.375
2903.114,69.222
2904.565,138.127
2906.016,142.047
2907.466,110.549
2908.916,-19.839
2910.365,123.866
2911.814,110.726
2913.263,8.002
2914.711,108.240
2916.159,-5.820
2917.606,33.334
2919.053,98.826
2920.500,29.883
2921.946,112.933
2923.392,72.342
2924.837,0.709
2926.282,36.126
2927.726,9.953
2929.170,134.228
2930.614,63.185
2932.057,-4.071
2933.499,33.650
2934.942,53.865
2936.383,53.413
2937.825,105.451
2939.266,102.787
2940.706,42.358
2942.146,142.931
2943.586,33.892
2945.025,194.309
2946.464,43.862
2947.903,91.701
2949.341,-3.069
2950.778,38.460
2952.216,27.359
2953.652,111.622
2955.089,134.594
2956.525,108.299
2957.960,211.337
2959.395,201.841
2960.830,29.645
2962.264,-0.120
2963.698,82.971
2965.131,158.676
2966.564,188.056
2967.997,63.357
2969.429,149.952
2970.861,173.731
2972.292,22.145
2973.723,43.053
2975.153,113.878
2976.583,56.466
2978.013,19.593
2979.442,-20.187
2980.871,120.913
2982.299,175.598
2983.727,53.286
2985.155,0.818
2986.582,70.240
2988.008,138.683
2989.435,141.090
2990.861,129.614
2992.286,81.059
2993.711,102.595
2995.136,35.853
2996.560,62.317
2997.984,192.916
2999.407,130.937
3000.830,105.069
3002.252,128.712
3003.674,41.475
3005.096,69.196
3006.517,41.961
3007.938,135.734
3009.359,206.015
3010.779,185.713
3012.198,-52.447
3013.618,491.438
3015.036,935.533
3016.455,51.046
3017.873,148.524
3019.290,90.049
3020.707,50.912
3022.124,21.419
3023.540,106.190
3024.956,38.453
3026.372,216.984
3027.787,214.931
3029.202,111.537
3030.616,62.839
3032.030,70.288
3033.443,58.439
3034.856,64.203
3036.269,52.327
3037.681,171.708
3039.093,255.966
3040.504,81.219
3041.915,7.562
3043.325,125.276
3044.736,79.024
3046.145,22.051
3047.555,84.472
3048.964,-4.989
3050.372,67.484
3051.780,21.207
3053.188,270.379
3054.595,230.022
3056.002,115.114
3057.408,59.251
3058.814,126.309
3060.220,36.368
3061.625,67.613
3063.030,49.351
3064.435,-48.212
3065.839,45.602
3067.242,104.203
3068.645,126.417
3070.048,195.010
3071.450,101.550
3072.852,3.808
3074.254,95.106
3075.655,34.461
3077.056,211.661
3078.456,694.781
3079.856,15.884
3081.256,107.050
3082.655,72.359
3084.054,54.247
3085.452,70.089
3086.850,41.861
3088.247,23.664
3089.644,65.559
3091.041,55.092
3092.437,55.486
3093.833,106.561
3095.229,109.200
3096.624,147.704
3098.018,82.947
3099.413,64.639
3100.807,88.460
3102.200,89.260
3103.593,12.221
3104.986,105.149
3106.378,219.271
3107.770,2.705
3109.161,54.552
3110.552,35.360
3111.943,97.221
3113.333,60.265
3114.723,85.246
3116.113,111.591
3117.502,201.485
3118.890,139.469
3120.279,20.507
3121.666,80.079
3123.054,97.588
3124.441,100.296
3125.828,121.140
3127.214,141.080
3128.600,145.458
3129.985,173.910
3131.370,121.857
3132.755,-53.803
3134.139,18.209
3135.523,121.987
3136.906,156.704
3138.289,114.156
3139.672,110.886
3141.054,119.040
3142.436,40.079
3143.818,171.871
3145.199,196.820
3146.579,169.396
3147.960,65.646
3149.339,140.995
3150.719,94.917
3152.098,129.497
3153.477,100.053
3154.855,98.221
3156.233,71.869
3157.610,150.350
3158.987,232.215
3160.364,-69.386
3161.740,30.905
3163.116,116.014
3164.492,53.381
3165.867,125.392
3167.242,118.353
3168.616,117.666
3169.990,105.070
3171.363,104.356
3172.737,67.050
3174.109,159.308
3175.482,118.041
3176.854,30.896
3178.225,57.454
3179.596,79.008
3180.967,71.493
3182.338,37.333
3183.708,95.310
3185.077,84.089
3186.446,-1.786
3187.815,16.296
3189.184,264.870
3190.552,366.147
3191.919,61.784
3193.287,20.313
3194.653,43.190
3196.020,0.400
3197.386,144.829
3198.752,158.630
3200.117,62.980
3201.482,3.779
3202.846,111.913
3204.210,67.880
3205.574,72.496
3206.938,110.335
3208.300,78.304
3209.663,69.293
3211.025,6.842
3212.387,66.616
3213.748,158.045
3215.109,119.028
3216.470,81.073
3217.830,21.416
3219.190,78.030
3220.550,49.326
3221.909,12.954
3223.267,93.589
3224.626,142.209
3225.983,111.719
3227.341,64.596
3228.698,50.636
3230.055,113.606
3231.411,99.191
3232.767,-17.482
3234.123,91.559
3235.478,167.558
3236.833,58.024
3238.187,110.160
3239.541,74.161
3240.895,-7.658
3242.248,168.988
3243.601,170.486
3244.953,9.992
3246.306,43.104
3247.657,-20.094
3249.009,72.463
3250.360,9.728
3251.710,103.319
3253.060,34.935
3254.410,1.791
3255.760,17.947
3257.109,24.729
3258.457,47.123
3259.805,68.798
3261.153,25.412
3262.501,29.334
3263.848,54.517
3265.195,52.111
3266.541,79.401
3267.887,39.266
3269.233,11.378
3270.578,58.128
3271.923,79.523
3273.267,39.715
3274.611,99.042
3275.955,84.456
3277.298,44.613
3278.641,39.829
3279.983,99.633
3281.326,74.890
3282.667,59.989
3284.009,39.747
3285.350,97.219
3286.690,52.756
3288.031,53.096
3289.370,76.329
3290.710,39.222
3292.049,57.752
3293.388,63.859
3294.726,23.103
3296.064,48.841
3297.402,127.921
3298.739,82.475
3300.076,80.184
3301.412,159.216
3302.748,46.104
3304.084,-7.628
3305.419,19.785
3306.754,-9.574
3308.089,43.285
3309.423,34.370
3310.757,21.946
3312.090,138.102
3313.423,213.960
3314.756,-9.656
3316.088,103.177
3317.420,123.977
3318.752,165.519
3320.083,94.723
3321.414,81.704
3322.744,78.793
3324.074,126.730
3325.404,28.138
3326.733,71.122
3328.062,77.146
3329.391,103.889
3330.719,36.975
3332.046,11.150
3333.374,-29.141
3334.701,92.475
3336.028,29.133
3337.354,59.299
3338.680,141.100
3340.005,41.531
3341.331,49.061
3342.655,57.572
3343.980,16.030
3345.304,187.352
3346.627,26.710
3347.951,29.149
3349.274,39.933
3350.596,15.069
3351.918,42.751
3353.240,89.306
3354.562,275.498
3355.883,86.368
3357.203,67.161
3358.524,33.457
3359.844,12.955
3361.163,27.988
3362.483,75.025
3363.801,48.977
3365.120,73.635
3366.438,92.122
3367.756,50.853
3369.073,53.120
3370.390,72.174
3371.707,92.676
3373.023,14.980
3374.339,104.135
3375.654,3.515
3376.969,42.845
3378.284,-18.072
3379.599,169.707
3380.913,21.592
3382.226,106.624
3383.540,19.666
3384.853,75.552
3386.165,74.580
3387.477,84.569
3388.789,20.630
3390.101,65.000
3391.412,29.668
3392.722,136.180
3394.033,230.701
3395.343,54.354
3396.652,128.226
3397.962,48.659
3399.270,45.690
3400.579,79.617
3401.887,27.375
3403.195,48.118
3404.502,232.246
3405.809,112.652
3407.116,-40.852
3408.422,110.630
3409.728,152.151
3411.034,37.933
3412.339,77.403
3413.644,101.200
3414.948,95.920
3416.253,52.384
3417.556,-9.057
3418.860,206.952
3420.163,49.552
3421.465,136.541
3422.768,34.102
3424.070,75.861
3425.371,64.655
3426.672,95.480
3427.973,35.873
3429.274,106.908
3430.574,70.151
3431.874,48.668
3433.173,73.393
3434.472,79.199
3435.771,100.222
3437.069,12.638
3438.367,13.720
3439.665,64.694
3440.962,85.050
3442.259,15.487
3443.555,95.310
3444.851,25.740
3446.147,13.479
3447.442,38.589
3448.738,75.748
3450.032,253.927
3451.327,30.284
3452.621,32.948
3453.914,16.022
3455.207,48.052
3456.500,105.030
3457.793,22.977
3459.085,-4.132
3460.377,172.938
3461.668,40.958
3462.959,-16.088
3464.250,83.022
3465.540,64.610
3466.830,17.842
3468.120,39.960
3469.409,58.337
3470.698,25.706
3471.987,111.313
3473.275,226.031
3474.563,51.123
3475.850,27.632
3477.138,124.123
3478.424,100.349
3479.711,13.167
3480.997,59.348
3482.283,47.032
3483.568,10.313
3484.853,-6.683
3486.138,308.982
3487.422,185.124
3488.706,25.339
3489.989,106.747
3491.273,53.536
3492.556,85.400
3493.838,79.709
3495.120,27.648
3496.402,31.072
3497.683,75.075
3498.965,18.028
3500.245,24.533
3501.526,47.154
3502.806,76.312
3504.085,28.808
3505.365,57.008
3506.644,9.967
3507.922,-11.340
3509.200,19.804
3510.478,92.943
3511.756,46.826
3513.033,57.982
3514.310,91.369
3515.586,55.726
3516.863,119.564
3518.138,86.238
3519.414,68.836
3520.689,102.702
3521.964,80.373
3523.238,86.198
3524.512,17.323
3525.786,144.189
3527.059,77.512
3528.332,167.762
3529.604,148.611
3530.877,121.208
3532.149,169.527
3533.420,-51.464
3534.691,1.988
3535.962,200.516
3537.233,21.783
3538.503,118.985
3539.773,62.339
3541.042,72.849
3542.311,54.349
3543.580,2.532
3544.848,58.446
3546.116,42.827
3547.384,59.468
3548.651,57.284
3549.918,30.942
3551.185,98.546
3552.451,158.504
3553.717,99.653
3554.983,59.737
3556.248,29.391
3557.513,62.212
3558.778,170.617
3560.042,81.008
3561.306,3.889
3562.569,42.060
3563.832,55.046
3565.095,118.115
3566.358,26.378
3567.620,152.191
3568.882,4.310
3570.143,18.697
3571.404,33.574
3572.665,129.820
3573.925,135.941
3575.185,1.004
3576.445,55.233
3577.704,255.565
3578.963,198.284
3580.222,45.533
3581.480,127.274
3582.738,97.715
3583.996,125.571
3585.253,126.618
3586.510,83.694
3587.767,12.249
3589.023,47.220
3590.279,40.867
3591.534,14.710
3592.790,100.484
3594.044,-4.446
3595.299,-12.387
3596.553,116.473
3597.807,55.389
3599.060,89.753
3600.314,56.389
3601.566,40.237
3602.819,1.345
3604.071,2.141
3605.323,81.157
3606.574,115.697
3607.825,110.964
3609.076,69.422
3610.326,97.222
3611.576,10.843
3612.826,46.948
3614.075,80.780
3615.324,17.714
3616.573,13.086
3617.821,127.798
3619.069,128.062
3620.317,38.569
3621.564,54.897
3622.811,201.580
3624.058,29.197
3625.304,71.661
3626.550,23.072
3627.796,88.650
3629.041,31.903
3630.286,76.150
3631.531,14.857
3632.775,114.892
3634.019,-32.530
3635.262,44.971
3636.506,44.246
3637.749,43.249
3638.991,69.888
3640.233,92.298
3641.475,36.959
3642.717,68.509
3643.958,105.018
3645.199,78.926
3646.439,78.034
3647.680,53.428
3648.919,52.472
3650.159,146.618
3651.398,88.670
3652.637,123.655
3653.875,38.846
3655.114,-8.589
3656.351,137.254
3657.589,97.456
3658.826,71.316
3660.063,37.001
3661.299,72.261
3662.535,19.030
3663.771,40.356
3665.007,79.685
3666.242,165.646
3667.477,33.187
3668.711,66.561
3669.945,96.703
3671.179,71.724
3672.412,83.659
3673.645,7.908
3674.878,34.731
3676.111,42.673
3677.343,157.539
3678.575,11.106
3679.806,50.046
3681.037,30.406
3682.268,43.782
3683.498,69.017
3684.728,145.420
3685.958,57.785
3687.188,103.701
3688.417,-31.272
3689.645,94.229
3690.874,66.871
3692.102,30.517
3693.330,20.747
3694.557,19.170
3695.784,147.944
3697.011,21.689
3698.237,65.112
3699.464,20.638
3700.689,94.714
3701.915,159.486
3703.140,99.984
3704.365,90.003
3705.589,45.682
3706.813,-14.394
3708.037,125.037
3709.260,77.762
3710.483,183.492
3711.706,184.473
3712.929,97.160
3714.151,66.430
3715.373,24.992
3716.594,260.574
3717.815,129.589
3719.036,62.894
3720.256,79.560
3721.477,46.234
3722.696,25.428
3723.916,-11.310
3725.135,38.846
3726.354,88.298
3727.572,101.797
3728.790,136.497
3730.008,67.077
3731.226,63.642
3732.443,42.936
3733.660,69.684
3734.876,80.302
3736.092,132.918
3737.308,71.787
3738.524,-13.701
3739.739,74.325
3740.954,80.693
3742.168,-2.054
3743.383,104.203
3744.596,262.058
3745.810,58.864
3747.023,141.641
3748.236,49.149
3749.449,48.832
3750.661,52.076
3751.873,-0.725
3753.085,90.900
3754.296,19.475
3755.507,92.249
3756.717,191.444
3757.928,131.202
3759.138,30.140
3760.347,79.094
3761.557,71.600
3762.766,77.006
3763.974,81.791
3765.182,51.686
3766.391,86.634
3767.598,85.671
3768.806,54.783
3770.013,8.602
3771.219,66.073
3772.426,-6.237
3773.632,127.490
3774.837,58.413
3776.043,142.201
3777.248,80.000
3778.453,140.913
3779.657,-36.183
3780.861,71.402
3782.065,24.102
3783.269,8.058
3784.472,150.149
3785.675,137.826
3786.877,161.984
3788.079,103.523
3789.281,185.336
3790.483,150.830
3791.684,77.505
3792.885,89.901
3794.085,68.874
3795.285,309.653
3796.485,756.380
3797.685,17.901
3798.884,141.953
3800.083,1.035
3801.282,256.024
3802.480,108.400
3803.678,28.281
3804.876,25.588
3806.073,148.719
3807.270,100.867
3808.467,84.973
3809.663,13.603
3810.859,88.032
3812.055,60.714
3813.250,1.324
3814.446,38.975
3815.640,98.029
3816.835,36.477
3818.029,107.590
3819.223,13.067
3820.416,74.534
3821.610,-17.243
3822.802,41.523
3823.995,89.253
3825.187,16.941
3826.379,-0.255
3827.571,73.339
3828.762,72.675
3829.953,67.414
3831.144,91.408
3832.334,46.293
3833.524,24.495
3834.714,61.447
3835.903,22.431
3837.092,61.279
3838.281,132.005
3839.469,52.446
3840.657,55.373
3841.845,61.700
3843.032,36.249
3844.220,56.221
3845.406,104.478
3846.593,34.810
3847.779,39.065
3848.965,30.230
3850.150,149.557
3851.336,45.994
3852.521,43.291
3853.705,124.686
3854.890,75.297
3856.074,7.419
3857.257,-9.132
3858.441,28.620
3859.624,184.125
3860.806,-16.246
3861.989,22.663
