15.539,16077.255
17.967,7396.399
20.395,3004.536
22.821,1324.374
25.246,347.656
27.671,217.914
30.094,-208.421
32.517,-439.793
34.939,-408.849
37.359,-292.906
39.779,-67.244
42.198,-305.335
44.616,-639.002
47.033,-751.430
49.449,-793.066
51.865,-916.300
54.279,-732.843
56.692,-524.374
59.105,-566.526
61.516,-586.337
63.927,-229.084
66.337,-267.693
68.746,-260.419
71.153,-160.043
73.560,-286.525
75.967,176.805
78.372,140.156
80.776,-133.259
83.179,-80.643
85.582,29.027
87.983,224.141
90.384,252.253
92.783,95.775
95.182,73.982
97.580,324.036
99.977,273.520
102.373,186.745
104.768,91.239
107.162,87.995
109.556,510.658
111.948,139.689
114.340,98.571
116.730,335.045
119.120,0.077
121.509,68.742
123.897,38.483
126.284,503.843
128.670,853.888
131.055,48.243
133.439,-158.014
135.823,661.140
138.205,719.924
140.587,-117.536
142.967,38.931
145.347,672.469
147.726,465.241
150.104,72.292
152.481,143.394
154.857,74.824
157.232,329.388
159.607,294.184
161.980,85.746
164.353,125.786
166.725,213.917
169.095,516.802
171.465,450.903
173.834,153.564
176.202,153.872
178.570,215.918
180.936,78.217
183.302,-33.496
185.666,820.417
188.030,1911.119
190.393,566.567
192.754,50.634
195.115,317.441
197.476,319.801
199.835,256.458
202.193,64.376
204.551,-76.434
206.907,308.543
209.263,669.060
211.618,200.894
213.971,-15.207
216.324,83.373
218.677,301.958
221.028,406.562
223.378,231.328
225.728,66.150
228.076,86.946
230.424,181.475
232.771,195.169
235.117,135.249
237.462,71.689
239.806,118.480
242.150,206.286
244.492,211.599
246.834,170.839
249.174,202.933
251.514,274.840
253.853,204.509
256.191,37.581
258.528,43.997
260.865,-40.651
263.200,219.616
265.535,371.108
267.868,40.040
270.201,166.058
272.533,202.553
274.864,84.431
277.194,123.771
279.524,286.265
281.852,170.902
284.180,115.712
286.506,94.502
288.832,164.095
291.157,345.616
293.481,225.966
295.805,201.585
298.127,98.663
300.449,0.428
302.769,192.643
305.089,235.806
307.408,315.805
309.726,183.597
312.043,-23.311
314.359,75.591
316.675,-1.038
318.990,77.170
321.303,32.786
323.616,20.209
325.928,370.742
328.239,52.066
330.550,-30.337
332.859,153.555
335.168,202.928
337.475,243.463
339.782,338.112
342.088,435.714
344.393,297.678
346.698,226.735
349.001,494.073
351.304,31.266
353.605,75.587
355.906,283.333
358.206,82.843
360.505,145.778
362.804,218.749
365.101,74.390
367.398,80.517
369.693,418.643
371.988,552.340
374.282,125.951
376.575,57.183
378.868,127.314
381.159,31.022
383.450,224.907
385.740,120.391
388.029,268.523
390.317,351.365
392.604,57.081
394.890,-13.704
397.176,-31.079
399.461,45.055
401.744,142.310
404.028,166.386
406.310,198.977
408.591,250.565
410.871,220.745
413.151,72.160
415.430,27.588
417.708,224.969
419.985,91.835
422.261,40.698
424.537,69.168
426.811,18.996
429.085,111.999
431.358,122.926
433.630,209.035
435.901,259.298
438.172,80.961
440.441,17.098
442.710,621.786
444.978,504.632
447.245,185.890
449.511,316.046
451.776,12.978
454.041,163.335
456.305,159.544
458.567,98.251
460.829,244.584
463.091,144.700
465.351,99.070
467.611,106.562
469.869,88.656
472.127,2.456
474.384,-21.620
476.640,391.711
478.896,391.294
481.150,112.653
483.404,86.967
485.657,105.679
487.909,30.641
490.160,193.583
492.411,293.135
494.660,96.722
496.909,15.327
499.157,164.934
501.404,211.703
503.650,73.360
505.896,-33.057
508.140,37.832
510.384,122.756
512.627,115.131
514.869,181.498
517.111,170.974
519.351,-23.657
521.591,337.182
523.830,168.906
526.068,65.530
528.305,344.537
530.542,193.950
532.777,125.567
535.012,220.744
537.246,136.808
539.479,128.125
541.711,424.690
543.943,114.290
546.174,84.132
548.403,149.559
550.633,14.021
552.861,19.454
555.088,175.085
557.315,121.235
559.541,-0.997
561.766,400.067
563.990,956.324
566.213,256.489
568.436,-36.602
570.657,30.456
572.878,32.111
575.099,106.568
577.318,148.397
579.536,132.414
581.754,311.162
583.971,288.523
586.187,-9.600
588.402,298.727
590.617,466.032
592.830,86.392
595.043,75.312
597.255,477.967
599.467,30.586
601.677,191.891
603.887,-28.681
606.095,363.399
608.303,1263.412
610.511,343.010
612.717,407.813
614.923,441.614
617.127,159.298
619.331,139.444
621.535,210.086
623.737,410.625
625.939,264.731
628.140,41.386
630.340,76.933
632.539,185.780
634.737,275.199
636.935,263.764
639.132,162.103
641.328,121.314
643.523,176.632
645.717,86.184
647.911,71.253
650.104,344.643
652.296,382.114
654.487,34.827
656.677,284.147
658.867,201.625
661.056,22.408
663.244,3.681
665.431,5.977
667.618,96.978
669.803,44.759
671.988,-21.679
674.172,51.741
676.356,163.602
678.538,136.396
680.720,102.155
682.901,75.669
685.081,123.743
687.260,170.866
689.439,125.547
691.617,304.495
693.794,203.071
695.970,199.567
698.145,334.915
700.320,95.960
702.494,63.675
704.667,240.969
706.839,206.103
709.011,108.611
711.182,95.912
713.352,-92.543
715.521,1410.533
717.689,1282.373
719.857,-4.721
722.023,252.550
724.189,269.220
726.355,376.266
728.519,332.534
730.683,285.741
732.846,352.829
735.008,117.730
737.169,12.528
739.330,38.592
741.490,19.062
743.649,53.779
745.807,240.786
747.964,150.423
750.121,64.206
752.277,159.048
754.432,526.743
756.587,868.106
758.740,419.625
760.893,81.929
763.045,55.981
765.196,58.023
767.347,243.073
769.497,783.841
771.645,359.870
773.794,-22.712
775.941,90.723
778.088,146.849
780.234,88.734
782.379,196.058
784.523,132.961
786.667,155.385
788.809,301.285
790.951,145.836
793.093,106.916
795.233,377.297
797.373,655.720
799.512,418.254
801.650,-128.812
803.787,100.978
805.924,591.700
808.060,500.339
810.195,305.042
812.330,512.705
814.463,398.166
816.596,203.073
818.728,81.981
820.859,196.605
822.990,364.727
825.120,255.910
827.249,273.589
829.377,158.649
831.505,22.577
833.631,167.483
835.757,382.121
837.883,179.018
840.007,292.735
842.131,269.001
844.254,121.352
846.376,176.282
848.497,7.794
850.618,76.100
852.738,102.461
854.857,82.853
856.976,181.670
859.093,234.603
861.210,172.510
863.326,49.002
865.442,20.410
867.556,114.155
869.670,256.877
871.783,410.487
873.896,222.332
876.007,-34.233
878.118,386.716
880.228,930.205
882.338,206.308
884.446,127.768
886.554,28.886
888.661,-6.282
890.768,247.117
892.873,122.672
894.978,109.256
897.082,86.789
899.186,86.484
901.289,50.529
903.390,-11.784
905.492,226.827
907.592,143.935
909.692,10.744
911.791,300.831
913.889,542.509
915.986,70.008
918.083,27.290
920.179,4.389
922.274,34.778
924.368,171.628
926.462,143.087
928.555,275.366
930.647,149.898
932.739,103.255
934.830,215.749
936.920,210.171
939.009,180.407
941.097,54.605
943.185,208.200
945.272,291.849
947.359,75.826
949.444,5.942
951.529,45.773
953.613,388.572
955.696,440.314
957.779,110.601
959.861,51.655
961.942,305.731
964.023,217.327
966.102,161.506
968.181,174.711
970.259,77.335
972.337,41.386
974.414,-37.879
976.490,286.397
978.565,569.536
980.639,401.452
982.713,97.738
984.786,17.257
986.859,216.802
988.930,134.514
991.001,215.664
993.071,568.850
995.141,244.028
997.210,64.240
999.278,272.114
1001.345,612.619
1003.411,510.568
1005.477,-23.483
1007.542,19.916
1009.607,137.230
1011.670,641.658
1013.733,755.648
1015.795,148.509
1017.857,161.453
1019.917,231.499
1021.977,124.586
1024.037,253.253
1026.095,422.496
1028.153,123.371
1030.210,-57.375
1032.266,224.903
1034.322,209.073
1036.377,3.173
1038.431,87.300
1040.485,151.935
1042.538,215.091
1044.590,164.977
1046.641,204.178
1048.692,223.566
1050.741,142.751
1052.791,441.818
1054.839,214.918
1056.887,193.917
1058.934,378.819
1060.980,262.789
1063.026,189.951
1065.071,253.843
1067.115,236.425
1069.158,86.760
1071.201,-9.956
1073.243,254.956
1075.284,795.534
1077.325,449.077
1079.365,-28.717
1081.404,131.983
1083.442,392.064
1085.480,74.582
1087.517,-1.715
1089.553,309.597
1091.589,298.351
1093.624,133.435
1095.658,222.998
1097.691,27.099
1099.724,-10.947
1101.756,12.257
1103.787,286.736
1105.818,468.581
1107.848,112.216
1109.877,177.367
1111.906,160.228
1113.933,138.032
1115.960,251.979
1117.987,328.675
1120.012,302.440
1122.037,280.237
1124.062,66.941
1126.085,-30.688
1128.108,329.445
1130.130,626.092
1132.152,124.909
1134.172,158.359
1136.192,318.200
1138.212,117.804
1140.230,59.727
1142.248,404.974
1144.265,191.474
1146.282,30.203
1148.298,70.055
1150.313,67.701
1152.327,10.860
1154.341,53.668
1156.354,98.768
1158.366,-5.222
1160.378,81.146
1162.389,276.946
1164.399,201.562
1166.409,146.250
1168.417,3.854
1170.426,24.229
1172.433,115.956
1174.440,105.656
1176.446,103.885
1178.451,74.206
1180.456,169.010
1182.460,176.203
1184.463,42.810
1186.466,25.388
1188.467,228.191
1190.469,387.899
1192.469,269.845
1194.469,18.075
1196.468,236.429
1198.466,731.622
1200.464,288.662
1202.461,70.438
1204.457,264.495
1206.453,321.582
1208.448,142.044
1210.442,50.638
1212.436,-2.569
1214.429,158.106
1216.421,9.558
1218.412,814.051
1220.403,1795.258
1222.393,218.373
1224.383,-100.796
1226.371,440.511
1228.359,538.464
1230.347,254.678
1232.334,353.937
1234.320,727.630
1236.305,323.848
1238.290,325.084
1240.273,288.320
1242.257,-5.640
1244.239,136.172
1246.221,169.468
1248.202,456.705
1250.183,381.465
1252.163,125.019
1254.142,99.873
1256.120,141.510
1258.098,335.013
1260.075,339.120
1262.052,178.306
1264.028,67.249
1266.003,87.238
1267.977,191.629
1269.951,302.741
1271.924,102.552
1273.896,-13.796
1275.868,278.335
1277.839,479.654
1279.809,126.212
1281.779,129.806
1283.748,118.036
1285.716,49.652
1287.684,38.211
1289.651,66.657
1291.617,160.549
1293.583,4.883
1295.547,244.550
1297.512,154.676
1299.475,369.976
1301.438,1224.508
1303.400,207.050
1305.362,354.017
1307.323,349.344
1309.283,-23.658
1311.243,155.834
1313.201,393.048
1315.160,101.579
1317.117,145.571
1319.074,332.729
1321.030,213.332
1322.986,187.058
1324.940,555.622
1326.895,346.557
1328.848,116.031
1330.801,34.313
1332.753,17.093
1334.705,-4.055
1336.655,13.573
1338.606,304.402
1340.555,344.229
1342.504,123.701
1344.452,149.246
1346.400,287.783
1348.346,-7.649
1350.293,-48.247
1352.238,40.625
1354.183,16.568
1356.127,53.233
1358.071,198.743
1360.013,178.199
1361.956,194.166
1363.897,58.128
1365.838,30.710
1367.778,84.771
1369.718,31.204
1371.657,63.325
1373.595,168.649
1375.532,559.543
1377.469,332.690
1379.405,112.623
1381.341,497.685
1383.276,214.961
1385.210,226.507
1387.144,227.734
1389.077,213.748
1391.009,238.834
1392.941,177.355
1394.872,117.137
1396.802,64.263
1398.731,8.016
1400.660,32.760
1402.589,109.935
1404.516,86.399
1406.444,25.187
1408.370,199.867
1410.296,-36.811
1412.221,623.648
1414.145,1003.398
1416.069,-10.474
1417.992,170.688
1419.914,432.036
1421.836,220.028
1423.757,1.748
1425.678,54.195
1427.598,286.861
1429.517,515.879
1431.435,216.142
1433.353,197.551
1435.270,319.664
1437.187,264.167
1439.103,350.559
1441.018,581.597
1442.933,136.309
1444.847,169.358
1446.760,315.515
1448.673,98.464
1450.585,7.191
1452.496,304.143
1454.407,380.110
1456.317,-44.476
1458.227,136.271
1460.135,372.761
1462.043,92.930
1463.951,272.268
1465.858,35.381
1467.764,3.147
1469.670,215.247
1471.575,211.150
1473.479,29.800
1475.383,121.687
1477.286,323.187
1479.188,148.868
1481.090,81.452
1482.991,155.779
1484.891,118.360
1486.791,109.011
1488.690,144.621
1490.589,324.086
1492.486,233.064
1494.384,19.369
1496.280,112.566
1498.176,319.022
1500.072,159.457
1501.966,87.259
1503.860,191.788
1505.754,195.844
1507.646,36.896
1509.538,0.996
1511.430,160.679
1513.321,56.377
1515.211,224.954
1517.101,219.256
1518.990,-52.726
1520.878,54.278
1522.765,329.690
1524.653,221.336
1526.539,155.342
1528.425,241.238
1530.310,165.499
1532.194,-21.800
1534.078,96.181
1535.961,275.401
1537.844,141.752
1539.726,175.953
1541.607,325.705
1543.488,289.402
1545.368,254.908
1547.247,127.137
1549.126,147.472
1551.004,325.077
1552.882,334.349
1554.759,198.476
1556.635,205.406
1558.511,128.292
1560.386,-22.048
1562.260,159.328
1564.134,216.035
1566.007,98.465
1567.880,177.353
1569.752,85.483
1571.623,163.015
1573.493,53.526
1575.363,198.929
1577.233,230.270
1579.102,197.904
1580.970,1007.341
1582.837,613.621
1584.704,185.626
1586.570,236.862
1588.436,-90.395
1590.301,478.268
1592.165,2342.064
1594.029,604.319
1595.892,50.429
1597.755,273.720
1599.617,125.638
1601.478,124.684
1603.338,276.962
1605.198,26.836
1607.058,57.624
1608.917,41.004
1610.775,113.884
1612.632,117.740
1614.489,1.630
1616.346,243.391
1618.201,34.271
1620.056,70.021
1621.911,415.453
1623.765,457.575
1625.618,134.545
1627.470,103.001
1629.322,445.218
1631.174,240.671
1633.024,62.948
1634.874,210.819
1636.724,253.445
1638.573,44.896
1640.421,70.338
1642.269,442.594
1644.116,294.416
1645.962,98.457
1647.808,121.653
1649.653,97.076
1651.498,105.542
1653.342,41.643
1655.185,143.881
1657.028,150.023
1658.870,173.093
1660.712,54.166
1662.552,280.731
1664.393,1692.184
1666.232,484.067
1668.071,15.159
1669.910,661.557
1671.748,708.544
1673.585,300.367
1675.422,125.090
1677.258,-52.528
1679.093,1441.224
1680.928,986.626
1682.762,-63.703
1684.596,272.721
1686.429,148.556
1688.261,97.791
1690.093,26.898
1691.924,58.822
1693.754,264.256
1695.584,160.375
1697.414,487.577
1699.242,1683.759
1701.071,357.749
1702.898,-7.757
1704.725,190.011
1706.551,289.395
1708.377,312.823
1710.202,12.229
1712.027,25.209
1713.851,93.336
1715.674,18.071
1717.497,205.888
1719.319,315.419
1721.140,58.269
1722.961,8.116
1724.781,26.227
1726.601,215.537
1728.420,192.097
1730.238,195.608
1732.056,327.542
1733.874,231.847
1735.690,59.417
1737.506,96.546
1739.322,142.068
1741.137,108.397
1742.951,304.698
1744.765,483.587
1746.578,146.798
1748.390,-33.871
1750.202,93.245
1752.013,97.982
1753.824,228.395
1755.634,289.013
1757.444,189.544
1759.253,393.654
1761.061,79.750
1762.869,226.659
1764.676,263.854
1766.482,7.797
1768.288,17.546
1770.094,182.525
1771.898,5.918
1773.702,110.056
1775.506,102.228
1777.309,73.928
1779.111,156.641
1780.913,280.489
1782.714,333.456
1784.515,154.785
1786.315,202.153
1788.114,201.971
1789.913,0.263
1791.711,137.244
1793.509,457.292
1795.306,173.001
1797.102,59.310
1798.898,-17.074
1800.694,34.018
1802.488,112.500
1804.282,91.378
1806.076,90.193
1807.869,189.997
1809.661,195.413
1811.453,-52.130
1813.244,789.758
1815.035,880.393
1816.824,84.703
1818.614,314.365
1820.403,121.997
1822.191,336.335
1823.979,268.703
1825.766,349.662
1827.552,406.302
1829.338,156.203
1831.123,256.236
1832.908,620.150
1834.692,336.551
1836.476,104.154
1838.259,112.330
1840.041,135.638
1841.823,58.850
1843.604,88.216
1845.385,515.251
1847.165,268.127
1848.944,-35.786
1850.723,242.250
1852.501,251.359
1854.279,-9.329
1856.056,331.517
1857.833,40.740
1859.609,365.473
1861.384,376.808
1863.159,35.514
1864.933,54.805
1866.707,300.173
1868.480,206.889
1870.253,-22.097
1872.024,120.386
1873.796,180.389
1875.567,110.523
1877.337,240.448
1879.106,319.306
1880.875,19.167
1882.644,71.432
1884.412,269.353
1886.179,150.515
1887.946,305.774
1889.712,449.830
1891.478,134.902
1893.243,89.296
1895.007,37.531
1896.771,195.314
1898.534,333.059
1900.297,316.874
1902.059,147.387
1903.821,65.239
1905.582,304.493
1907.342,300.791
1909.102,-12.344
1910.861,94.999
1912.620,261.478
1914.378,231.480
1916.136,110.844
1917.893,-16.953
1919.649,464.829
1921.405,255.116
1923.160,353.663
1924.915,232.661
1926.669,144.349
1928.423,421.791
1930.176,106.240
1931.928,118.961
1933.680,-15.235
1935.432,474.055
1937.182,643.741
1938.933,287.777
1940.682,107.908
1942.431,21.165
1944.180,137.727
1945.928,189.365
1947.675,88.936
1949.422,98.335
1951.168,100.564
1952.914,90.549
1954.659,204.337
1956.403,68.919
1958.147,124.353
1959.891,301.571
1961.633,319.432
1963.376,80.241
1965.117,-20.667
1966.858,112.227
1968.599,-20.132
1970.339,174.391
1972.079,237.824
1973.817,206.777
1975.556,60.822
1977.294,51.992
1979.031,323.809
1980.767,451.960
1982.503,665.327
1984.239,308.146
1985.974,276.284
1987.708,246.596
1989.442,-29.321
1991.176,96.957
1992.908,375.544
1994.640,31.087
1996.372,151.294
1998.103,85.169
1999.834,133.698
2001.564,386.574
2003.293,420.151
2005.022,307.015
2006.750,173.640
2008.478,64.751
2010.205,-23.283
2011.932,65.538
2013.658,-17.517
2015.383,154.072
2017.108,568.067
2018.832,94.059
2020.556,268.819
2022.279,181.054
2024.002,227.144
2025.724,227.869
2027.446,143.434
2029.167,259.542
2030.888,262.968
2032.607,162.785
2034.327,160.317
2036.046,85.478
2037.764,203.748
2039.482,316.060
2041.199,134.041
2042.916,125.235
2044.632,455.976
2046.347,146.096
2048.062,35.596
2049.777,-24.773
2051.491,21.724
2053.204,95.438
2054.917,217.929
2056.629,587.229
2058.341,281.050
2060.052,45.735
2061.762,89.139
2063.472,70.861
2065.182,52.455
2066.891,114.868
2068.599,144.517
2070.307,317.403
2072.014,497.454
2073.721,349.487
2075.427,-26.672
2077.133,883.954
2078.838,1266.827
2080.543,48.072
2082.247,7.489
2083.950,130.294
2085.653,182.949
2087.356,88.261
2089.058,103.057
2090.759,124.271
2092.460,60.149
2094.160,79.269
2095.860,103.498
2097.559,77.079
2099.257,5.699
2100.955,80.607
2102.653,62.925
2104.350,-10.414
2106.046,206.829
2107.742,470.778
2109.438,233.879
2111.132,0.403
2112.827,66.423
2114.520,419.329
2116.214,78.253
2117.906,527.636
2119.598,1347.621
2121.290,-8.256
2122.981,202.818
2124.672,242.689
2126.362,129.778
2128.051,112.840
2129.740,36.421
2131.428,-1.192
2133.116,223.300
2134.803,409.872
2136.490,96.036
2138.176,54.744
2139.862,354.093
2141.547,473.990
2143.232,206.853
2144.916,72.619
2146.599,200.387
2148.282,40.785
2149.965,176.988
2151.647,198.609
2153.328,116.187
2155.009,27.018
2156.689,1.832
2158.369,91.209
2160.048,161.555
2161.727,185.510
2163.405,430.579
2165.083,104.699
2166.760,-22.642
2168.436,437.334
2170.112,426.286
2171.788,-35.863
2173.463,84.456
2175.137,162.230
2176.811,118.676
2178.485,169.673
2180.158,226.516
2181.830,156.250
2183.502,4.636
2185.173,39.568
2186.844,198.796
2188.514,73.612
2190.184,177.486
2191.853,68.225
2193.522,118.369
2195.190,388.250
2196.857,309.807
2198.524,27.780
2200.191,670.234
2201.857,1672.163
2203.522,285.330
2205.187,-17.376
2206.852,49.077
2208.516,89.567
2210.179,185.050
2211.842,63.034
2213.504,99.647
2215.166,341.000
2216.827,117.659
2218.488,60.190
2220.148,131.278
2221.808,223.254
2223.467,174.591
2225.126,78.196
2226.784,68.892
2228.441,51.971
2230.099,463.525
2231.755,349.805
2233.411,276.813
2235.067,140.762
2236.722,47.030
2238.376,112.443
2240.030,290.030
2241.684,592.455
2243.336,177.430
2244.989,-82.811
2246.641,473.530
2248.292,376.849
2249.943,94.456
2251.593,133.676
2253.243,67.962
2254.892,142.132
2256.541,6.672
2258.189,38.700
2259.837,384.341
2261.484,237.706
2263.131,73.631
2264.777,116.954
2266.423,99.171
2268.068,189.629
2269.712,198.543
2271.357,90.750
2273.000,150.636
2274.643,284.542
2276.286,161.065
2277.928,94.349
2279.569,88.437
2281.210,27.425
2282.851,306.400
2284.491,319.277
2286.130,67.168
2287.769,-29.654
2289.408,63.702
2291.046,62.746
2292.683,-19.994
2294.320,171.814
2295.956,418.353
2297.592,183.537
2299.227,288.563
2300.862,120.875
2302.497,293.527
2304.130,220.662
2305.764,19.502
2307.397,17.416
2309.029,80.203
2310.661,356.365
2312.292,168.759
2313.923,129.171
2315.553,142.691
2317.183,170.482
2318.812,100.696
2320.441,3.012
2322.069,31.037
2323.696,132.048
2325.324,165.068
2326.950,-12.981
2328.577,164.727
2330.202,63.319
2331.827,286.684
2333.452,1061.708
2335.076,861.912
2336.700,-44.066
2338.323,154.478
2339.946,209.791
2341.568,195.817
2343.189,126.125
2344.810,107.969
2346.431,152.667
2348.051,102.310
2349.671,98.122
2351.290,179.414
2352.908,114.994
2354.526,149.654
2356.144,0.742
2357.761,391.897
2359.378,286.049
2360.994,262.238
2362.609,392.225
2364.224,272.010
2365.839,241.678
2367.453,231.403
2369.066,302.759
2370.680,216.076
2372.292,418.294
2373.904,171.675
2375.516,4.674
2377.127,54.990
2378.737,12.634
2380.347,119.337
2381.957,178.462
2383.566,153.184
2385.174,289.467
2386.782,124.389
2388.390,99.532
2389.997,-42.451
2391.604,501.703
2393.210,835.361
2394.815,-11.737
2396.420,105.427
2398.025,33.350
2399.629,341.549
2401.232,164.920
2402.835,898.287
2404.438,663.459
2406.040,78.362
2407.642,240.623
2409.243,103.048
2410.843,298.694
2412.443,344.694
2414.043,230.588
2415.642,191.704
2417.241,451.818
2418.839,276.598
2420.436,-2.576
2422.033,114.742
2423.630,127.620
2425.226,-11.457
2426.822,99.264
2428.417,70.026
2430.012,21.760
2431.606,195.523
2433.199,198.453
2434.793,85.014
2436.385,174.069
2437.977,360.693
2439.569,369.720
2441.160,244.872
2442.751,285.018
2444.341,182.782
2445.931,250.960
2447.520,212.417
2449.109,111.942
2450.697,3.787
2452.285,271.359
2453.872,772.598
2455.459,381.218
2457.045,-28.938
2458.631,332.619
2460.216,86.313
2461.801,24.882
2463.385,203.014
2464.969,307.486
2466.553,226.387
2468.135,36.315
2469.718,29.710
2471.300,52.246
2472.881,34.980
2474.462,-28.487
2476.042,226.944
2477.622,843.130
2479.202,855.660
2480.781,311.797
2482.359,56.468
2483.937,-10.978
2485.515,55.602
2487.092,632.429
2488.668,193.321
2490.244,75.920
2491.820,229.869
2493.395,192.611
2494.970,217.688
2496.544,309.459
2498.118,299.132
2499.691,265.515
2501.263,200.881
2502.836,217.316
2504.407,18.632
2505.978,-21.055
2507.549,98.418
2509.119,45.734
2510.689,28.573
2512.259,116.586
2513.827,261.879
2515.396,300.815
2516.964,118.738
2518.531,581.066
2520.098,76.471
2521.664,23.237
2523.230,240.598
2524.796,378.679
2526.361,194.344
2527.925,307.288
2529.489,270.988
2531.053,829.428
2532.616,2867.028
2534.178,195.403
2535.740,97.254
2537.302,238.825
2538.863,88.203
2540.424,166.218
2541.984,155.999
2543.544,105.426
2545.103,158.463
2546.662,115.429
2548.220,-50.212
2549.778,196.387
2551.335,1781.905
2552.892,538.705
2554.448,-32.465
2556.004,72.758
2557.560,243.357
2559.115,308.682
2560.669,107.935
2562.223,91.455
2563.777,41.766
2565.330,92.020
2566.882,103.099
2568.434,282.704
2569.986,167.856
2571.537,-58.782
2573.088,57.646
2574.638,337.515
2576.188,204.975
2577.737,102.580
2579.286,486.692
2580.834,303.248
2582.382,58.873
2583.929,277.390
2585.476,422.111
2587.023,313.280
2588.569,80.319
2590.114,18.537
2591.659,299.065
2593.204,454.672
2594.748,246.675
2596.291,150.731
2597.835,21.425
2599.377,-21.616
2600.919,163.155
2602.461,226.400
2604.002,185.847
2605.543,170.897
2607.084,267.593
2608.623,217.457
2610.163,115.206
2611.702,206.328
2613.240,135.673
2614.778,221.083
2616.316,32.960
2617.853,135.876
2619.389,31.144
2620.925,33.522
2622.461,227.546
2623.996,232.959
2625.531,60.663
2627.065,109.814
2628.599,216.868
2630.132,9.963
2631.665,148.235
2633.198,57.306
2634.730,309.280
2636.261,302.893
2637.792,97.219
2639.323,326.319
2640.853,232.414
2642.382,106.701
2643.911,363.169
2645.440,98.196
2646.968,-36.177
2648.496,47.542
2650.023,349.422
2651.550,182.749
2653.077,715.905
2654.603,349.736
2656.128,0.609
2657.653,104.817
2659.178,104.901
2660.702,114.585
2662.225,179.574
2663.748,349.464
2665.271,188.993
2666.793,231.290
2668.315,299.482
2669.836,137.909
2671.357,-62.902
2672.878,230.046
2674.398,508.129
2675.917,392.663
2677.436,188.958
2678.955,-8.162
2680.473,35.734
2681.990,348.658
2683.508,204.234
2685.024,694.040
2686.541,334.847
2688.056,388.125
2689.572,135.125
2691.087,49.044
2692.601,208.317
2694.115,114.948
2695.629,57.717
2697.142,199.381
2698.654,279.307
2700.166,109.033
2701.678,266.654
2703.189,8.257
2704.700,133.454
2706.210,64.548
2707.720,101.670
2709.230,46.789
2710.739,37.469
2712.247,127.168
2713.755,78.935
2715.263,147.666
2716.770,196.309
2718.277,109.439
2719.783,7.246
2721.289,77.440
2722.794,125.304
2724.299,164.070
2725.804,18.253
2727.308,50.600
2728.811,182.516
2730.314,203.875
2731.817,145.941
2733.319,138.296
2734.821,251.457
2736.322,63.416
2737.823,281.023
2739.323,375.540
2740.823,-2.928
2742.323,413.683
2743.822,364.209
2745.320,-66.248
2746.818,304.570
2748.316,369.869
2749.813,46.328
2751.310,124.362
2752.806,23.388
2754.302,491.018
2755.798,379.210
2757.293,50.260
2758.787,265.084
2760.281,178.533
2761.775,34.438
2763.268,39.575
2764.761,167.277
2766.253,238.221
2767.745,142.731
2769.237,20.621
2770.728,121.561
2772.218,320.962
2773.708,86.586
2775.198,32.269
2776.687,560.565
2778.176,392.738
2779.664,169.454
2781.152,3.591
2782.639,18.320
2784.126,334.784
2785.613,182.006
2787.099,-0.484
2788.585,233.792
2790.070,192.233
2791.555,172.681
2793.039,129.374
2794.523,132.255
2796.006,85.925
2797.489,79.726
2798.972,294.928
2800.454,-20.146
2801.935,106.226
2803.417,174.359
2804.897,154.192
2806.378,177.914
2807.858,80.775
2809.337,130.291
2810.816,103.451
2812.295,108.429
2813.773,10.487
2815.250,-0.695
2816.728,294.874
2818.204,275.643
2819.681,41.774
2821.157,30.691
2822.632,301.801
2824.107,493.549
2825.582,218.647
2827.056,0.913
2828.530,216.757
2830.003,242.553
2831.476,-18.682
2832.948,-5.922
2834.420,330.441
2835.892,52.649
2837.363,71.825
2838.834,234.868
2840.304,88.336
2841.774,421.116
2843.243,291.602
2844.712,123.694
2846.181,145.786
2847.649,217.624
2849.116,320.469
2850.583,118.448
2852.050,205.706
2853.516,257.936
2854.982,8.894
2856.448,173.346
2857.913,108.251
2859.377,24.498
2860.841,206.796
2862.305,287.646
2863.768,109.487
2865.231,46.038
2866.694,-80.681
2868.156,1054.570
2869.617,1451.535
2871.078,44.495
2872.539,172.369
2873.999,147.553
2875.459,138.437
2876.918,163.946
2878.377,212.197
2879.836,201.314
2881.294,152.464
2882.752,157.422
2884.209,15.921
2885.666,170.511
2887.122,329.040
2888.578,249.504
2890.033,15.715
2891.489,89.114
2892.943,260.497
2894.397,95.730
2895.851,334.766
2897.304,177.115
2898.757,83.802
2900.210,412.435
2901.662,122.503
2903.114,-20.896
2904.565,144.300
2906.016,225.212
2907.466,424.501
2908.916,111.136
2910.365,261.787
2911.814,263.666
2913.263,1.847
2914.711,271.272
2916.159,162.700
2917.606,83.485
2919.053,156.491
2920.500,122.677
2921.946,225.803
2923.392,227.683
2924.837,-1.084
2926.282,34.108
2927.726,39.855
2929.170,381.368
2930.614,137.225
2932.057,6.873
2933.499,29.552
2934.942,17.884
2936.383,75.263
2937.825,183.633
2939.266,319.348
2940.706,180.910
2942.146,101.495
2943.586,138.047
2945.025,563.691
2946.464,170.113
2947.903,208.499
2949.341,98.362
2950.778,-40.001
2952.216,225.800
2953.652,434.034
2955.089,741.244
2956.525,339.614
2957.960,583.013
2959.395,543.604
2960.830,-3.665
2962.264,162.031
2963.698,329.598
2965.131,705.927
2966.564,314.982
2967.997,41.174
2969.429,408.758
2970.861,590.465
2972.292,102.324
2973.723,17.072
2975.153,217.027
2976.583,191.710
2978.013,39.921
2979.442,118.864
2980.871,416.213
2982.299,333.574
2983.727,63.161
2985.155,64.118
2986.582,30.878
2988.008,541.103
2989.435,935.595
2990.861,274.625
2992.286,452.806
2993.711,63.814
2995.136,102.949
2996.560,47.713
2997.984,659.983
2999.407,334.395
3000.830,366.253
3002.252,331.253
3003.674,135.741
3005.096,68.155
3006.517,273.496
3007.938,513.875
3009.359,607.177
3010.779,729.228
3012.198,-136.115
3013.618,1896.093
3015.036,3416.769
3016.455,-125.624
3017.873,406.873
3019.290,454.718
3020.707,113.454
3022.124,238.487
3023.540,202.930
3024.956,144.616
3026.372,771.050
3027.787,635.154
3029.202,336.153
3030.616,147.605
3032.030,170.956
3033.443,333.583
3034.856,179.925
3036.269,77.505
3037.681,431.750
3039.093,714.395
3040.504,366.233
3041.915,106.069
3043.325,206.311
3044.736,64.735
3046.145,126.025
3047.555,178.315
3048.964,93.679
3050.372,191.600
3051.780,199.096
3053.188,566.706
3054.595,456.708
3056.002,124.433
3057.408,210.863
3058.814,100.586
3060.220,94.231
3061.625,144.843
3063.030,237.979
3064.435,16.957
3065.839,218.220
3067.242,203.666
3068.645,262.532
3070.048,409.281
3071.450,302.851
3072.852,173.333
3074.254,193.424
3075.655,217.851
3077.056,946.773
3078.456,2867.290
3079.856,-135.409
3081.256,412.297
3082.655,176.283
3084.054,302.250
3085.452,126.594
3086.850,153.764
3088.247,150.471
3089.644,163.209
3091.041,207.655
3092.437,212.224
3093.833,357.527
3095.229,566.323
3096.624,680.149
3098.018,317.586
3099.413,176.676
3100.807,322.259
3102.200,174.919
3103.593,-60.633
3104.986,518.507
3106.378,796.596
3107.770,-31.000
3109.161,198.593
3110.552,403.077
3111.943,326.068
3113.333,221.043
3114.723,189.750
3116.113,370.643
3117.502,388.807
3118.890,436.875
3120.279,41.172
3121.666,17.549
3123.054,61.602
3124.441,136.474
3125.828,376.986
3127.214,386.799
3128.600,395.894
3129.985,327.436
3131.370,64.754
3132.755,36.619
3134.139,-16.200
3135.523,205.188
3136.906,447.286
3138.289,274.608
3139.672,188.358
3141.054,155.237
3142.436,185.767
3143.818,440.386
3145.199,616.766
3146.579,504.119
3147.960,160.508
3149.339,166.491
3150.719,351.316
3152.098,282.350
3153.477,159.257
3154.855,-14.332
3156.233,120.055
3157.610,54.950
3158.987,366.676
3160.364,279.884
3161.740,317.088
3163.116,129.717
3164.492,-19.559
3165.867,262.159
3167.242,476.980
3168.616,282.037
3169.990,245.169
3171.363,275.466
3172.737,115.919
3174.109,198.568
3175.482,249.585
3176.854,204.478
3178.225,257.157
3179.596,254.755
3180.967,283.680
3182.338,114.680
3183.708,14.442
3185.077,94.618
3186.446,200.718
3187.815,348.762
3189.184,1418.229
3190.552,3089.237
3191.919,-150.824
3193.287,220.687
3194.653,13.795
3196.020,271.622
3197.386,261.655
3198.752,384.940
3200.117,97.475
3201.482,132.985
3202.846,135.389
3204.210,246.253
3205.574,313.617
3206.938,266.172
3208.300,154.428
3209.663,240.509
3211.025,85.639
3212.387,178.515
3213.748,243.679
3215.109,365.293
3216.470,117.373
3217.830,64.131
3219.190,158.836
3220.550,246.657
3221.909,76.176
3223.267,225.831
3224.626,149.145
3225.983,-4.929
3227.341,186.381
3228.698,220.161
3230.055,350.686
3231.411,340.883
3232.767,19.837
3234.123,365.294
3235.478,628.395
3236.833,71.508
3238.187,315.237
3239.541,119.080
3240.895,86.416
3242.248,476.652
3243.601,503.122
3244.953,94.569
3246.306,120.757
3247.657,186.282
3249.009,21.727
3250.360,-91.101
3251.710,728.513
3253.060,314.794
3254.410,104.961
3255.760,-1.243
3257.109,343.238
3258.457,12.266
3259.805,248.597
3261.153,63.777
3262.501,126.600
3263.848,37.980
3265.195,327.599
3266.541,196.997
3267.887,45.142
3269.233,26.830
3270.578,176.927
3271.923,150.485
3273.267,144.985
3274.611,225.198
3275.955,401.104
3277.298,121.302
3278.641,7.639
3279.983,139.767
3281.326,507.782
3282.667,179.973
3284.009,79.489
3285.350,211.316
3286.690,308.029
3288.031,199.638
3289.370,154.790
3290.710,87.216
3292.049,60.716
3293.388,265.638
3294.726,274.440
3296.064,220.710
3297.402,440.914
3298.739,434.043
3300.076,217.417
3301.412,342.800
3302.748,235.050
3304.084,-56.658
3305.419,-8.777
3306.754,103.544
3308.089,133.424
3309.423,200.217
3310.757,82.123
3312.090,422.692
3313.423,777.522
3314.756,41.463
3316.088,78.281
3317.420,165.866
3318.752,353.801
3320.083,219.662
3321.414,343.279
3322.744,185.493
3324.074,368.675
3325.404,214.526
3326.733,123.234
3328.062,189.986
3329.391,41.408
3330.719,180.972
3332.046,59.799
3333.374,288.277
3334.701,111.432
3336.028,-52.636
3337.354,115.142
3338.680,575.618
3340.005,-21.223
3341.331,189.538
3342.655,219.374
3343.980,48.316
3345.304,321.805
3346.627,198.892
3347.951,114.889
3349.274,148.238
3350.596,73.536
3351.918,305.525
3353.240,176.529
3354.562,1309.069
3355.883,71.470
3357.203,378.270
3358.524,35.003
3359.844,49.425
3361.163,132.522
3362.483,510.334
3363.801,325.243
3365.120,206.300
3366.438,254.882
3367.756,149.443
3369.073,172.596
3370.390,166.246
3371.707,147.120
3373.023,193.657
3374.339,49.829
3375.654,-60.598
3376.969,39.582
3378.284,254.604
3379.599,284.319
3380.913,74.799
3382.226,321.420
3383.540,280.659
3384.853,152.211
3386.165,358.894
3387.477,18.161
3388.789,161.620
3390.101,37.882
3391.412,101.986
3392.722,301.338
3394.033,964.420
3395.343,131.189
3396.652,511.879
3397.962,31.529
3399.270,251.525
3400.579,189.163
3401.887,2.831
3403.195,-13.180
3404.502,881.920
3405.809,35.144
3407.116,115.993
3408.422,162.069
3409.728,231.652
3411.034,22.845
3412.339,89.279
3413.644,215.408
3414.948,241.562
3416.253,49.775
3417.556,191.728
3418.860,602.417
3420.163,-29.188
3421.465,44.341
3422.768,150.209
3424.070,321.104
3425.371,132.935
3426.672,160.285
3427.973,133.094
3429.274,143.829
3430.574,176.322
3431.874,113.288
3433.173,144.431
3434.472,61.902
3435.771,426.922
3437.069,229.850
3438.367,96.347
3439.665,279.534
3440.962,326.326
3442.259,153.238
3443.555,166.559
3444.851,76.771
3446.147,167.225
3447.442,-79.603
3448.738,240.724
3450.032,812.031
3451.327,188.764
3452.621,119.700
3453.914,71.069
3455.207,170.846
3456.500,584.616
3457.793,37.175
3459.085,178.579
3460.377,635.199
3461.668,188.193
3462.959,-21.161
3464.250,74.920
3465.540,59.520
3466.830,117.130
3468.120,164.294
3469.409,138.691
3470.698,12.946
3471.987,735.715
3473.275,995.871
3474.563,79.373
3475.850,169.855
3477.138,324.030
3478.424,195.370
3479.711,-1.709
3480.997,108.868
3482.283,-4.549
3483.568,51.741
3484.853,116.080
3486.138,492.631
3487.422,221.069
3488.706,48.783
3489.989,433.783
3491.273,455.907
3492.556,355.302
3493.838,189.527
3495.120,-29.852
3496.402,103.192
3497.683,146.514
3498.965,141.508
3500.245,59.894
3501.526,642.375
3502.806,205.424
3504.085,155.915
3505.365,40.241
3506.644,-3.922
3507.922,68.413
3509.200,244.975
3510.478,172.725
3511.756,331.795
3513.033,102.037
3514.310,98.653
3515.586,194.707
3516.863,150.818
3518.138,78.402
3519.414,197.438
3520.689,111.197
3521.964,87.195
3523.238,138.453
3524.512,36.777
3525.786,10.624
3527.059,167.735
3528.332,252.297
3529.604,458.522
3530.877,105.778
3532.149,388.801
3533.420,324.601
3534.691,190.559
3535.962,171.702
3537.233,-52.970
3538.503,224.427
3539.773,201.306
3541.042,105.170
3542.311,61.650
3543.580,29.926
3544.848,31.587
3546.116,58.601
3547.384,103.029
3548.651,-3.349
3549.918,206.463
3551.185,163.002
3552.451,423.837
3553.717,314.773
3554.983,156.150
3556.248,84.039
3557.513,46.138
3558.778,474.559
3560.042,161.484
3561.306,34.916
3562.569,-25.437
3563.832,121.974
3565.095,83.676
3566.358,62.679
3567.620,96.635
3568.882,77.234
3570.143,99.114
3571.404,350.821
3572.665,573.460
3573.925,354.868
3575.185,80.853
3576.445,453.897
3577.704,912.976
3578.963,900.934
3580.222,62.184
3581.480,420.909
3582.738,274.819
3583.996,148.653
3585.253,276.487
3586.510,252.088
3587.767,32.063
3589.023,-57.517
3590.279,284.892
3591.534,43.231
3592.790,278.920
3594.044,8.055
3595.299,104.678
3596.553,364.604
3597.807,274.873
3599.060,282.248
3600.314,245.333
3601.566,159.031
3602.819,93.679
3604.071,-20.115
3605.323,82.925
3606.574,284.336
3607.825,294.784
3609.076,50.670
3610.326,346.963
3611.576,38.635
3612.826,165.608
3614.075,144.943
3615.324,-7.677
3616.573,38.190
3617.821,201.436
3619.069,458.703
3620.317,185.999
3621.564,337.490
3622.811,632.756
3624.058,222.728
3625.304,291.567
3626.550,170.765
3627.796,-1.637
3629.041,322.541
3630.286,134.234
3631.531,145.762
3632.775,294.447
3634.019,88.708
3635.262,110.541
3636.506,195.689
3637.749,80.827
3638.991,51.983
3640.233,431.846
3641.475,243.262
3642.717,179.297
3643.958,234.752
3645.199,16.233
3646.439,195.001
3647.680,83.827
3648.919,42.455
3650.159,374.723
3651.398,402.163
3652.637,349.205
3653.875,158.270
3655.114,-47.749
3656.351,91.124
3657.589,389.817
3658.826,154.661
3660.063,-5.931
3661.299,229.103
3662.535,18.174
3663.771,157.613
3665.007,226.493
3666.242,762.147
3667.477,62.736
3668.711,291.326
3669.945,319.618
3671.179,190.186
3672.412,64.333
3673.645,122.182
3674.878,-30.368
3676.111,290.762
3677.343,550.341
3678.575,219.282
3679.806,106.452
3681.037,96.097
3682.268,87.250
3683.498,28.193
3684.728,326.511
3685.958,257.418
3687.188,-4.008
3688.417,71.033
3689.645,142.642
3690.874,22.393
3692.102,77.044
3693.330,131.667
3694.557,6.790
3695.784,339.166
3697.011,205.645
3698.237,209.114
3699.464,218.758
3700.689,259.432
3701.915,101.714
3703.140,450.630
3704.365,-10.572
3705.589,253.695
3706.813,92.647
3708.037,230.391
3709.260,74.432
3710.483,507.172
3711.706,449.838
3712.929,159.294
3714.151,102.214
3715.373,-38.070
3716.594,1035.069
3717.815,536.126
3719.036,368.692
3720.256,157.771
3721.477,116.488
3722.696,82.170
3723.916,39.658
3725.135,211.871
3726.354,25.255
3727.572,290.784
3728.790,386.053
3730.008,166.624
3731.226,114.830
3732.443,44.509
3733.660,197.500
3734.876,102.832
3736.092,224.087
3737.308,18.914
3738.524,-4.304
3739.739,0.081
3740.954,257.243
3742.168,61.066
3743.383,428.891
3744.596,812.710
3745.810,37.042
3747.023,225.088
3748.236,125.095
3749.449,4.437
3750.661,63.664
3751.873,61.170
3753.085,111.681
3754.296,188.939
3755.507,88.460
3756.717,893.398
3757.928,509.226
3759.138,106.880
3760.347,201.278
3761.557,-2.467
3762.766,262.923
3763.974,233.921
3765.182,10.297
3766.391,-28.421
3767.598,39.569
3768.806,85.770
3770.013,53.754
3771.219,308.238
3772.426,1.026
3773.632,86.206
3774.837,290.296
3776.043,180.271
3777.248,150.099
3778.453,413.731
3779.657,16.746
3780.861,110.902
3782.065,18.467
3783.269,16.428
3784.472,128.388
3785.675,91.655
3786.877,411.472
3788.079,225.596
3789.281,371.194
3790.483,411.496
3791.684,88.703
3792.885,258.177
3794.085,116.282
3795.285,1400.635
3796.485,3000.312
3797.685,-20.464
3798.884,361.270
3800.083,-29.016
3801.282,865.236
3802.480,459.142
3803.678,218.316
3804.876,450.414
3806.073,458.136
3807.270,189.919
3808.467,149.892
3809.663,28.031
3810.859,165.727
3812.055,72.897
3813.250,-37.708
3814.446,69.278
3815.640,132.822
3816.835,45.769
3818.029,125.766
3819.223,187.401
3820.416,311.327
3821.610,11.318
3822.802,225.003
3823.995,219.452
3825.187,324.719
3826.379,189.915
3827.571,63.676
3828.762,100.063
3829.953,58.267
3831.144,122.767
3832.334,155.711
3833.524,28.675
3834.714,42.480
3835.903,-8.251
3837.092,57.957
3838.281,301.782
3839.469,76.465
3840.657,264.533
3841.845,170.585
3843.032,59.401
3844.220,93.961
3845.406,149.573
3846.593,115.191
3847.779,450.407
3848.965,138.553
3850.150,368.917
3851.336,126.678
3852.521,285.993
3853.705,178.527
3854.890,11.313
3856.074,-37.337
3857.257,30.698
3858.441,355.144
3859.624,321.628
3860.806,-7.383
3861.989,51.595
