15.539,1996.138
17.967,-488.178
20.395,-1094.252
22.821,-783.768
25.246,-577.911
27.671,-366.342
30.094,-242.827
32.517,-152.170
34.939,-105.919
37.359,-95.367
39.779,-40.165
42.198,-5.839
44.616,-69.507
47.033,-121.020
49.449,-114.746
51.865,-178.321
54.279,-95.918
56.692,-75.095
59.105,-116.264
61.516,-47.682
63.927,-10.751
66.337,-42.432
68.746,-40.046
71.153,-16.398
73.560,-19.708
75.967,80.543
78.372,10.417
80.776,-54.801
83.179,-8.509
85.582,119.444
87.983,176.734
90.384,184.351
92.783,164.467
95.182,191.828
97.580,194.916
99.977,189.986
102.373,140.984
104.768,73.285
107.162,78.230
109.556,151.915
111.948,73.123
114.340,68.014
116.730,90.297
119.120,-2.520
121.509,69.523
123.897,41.787
126.284,190.907
128.670,300.824
131.055,-35.927
133.439,-98.424
135.823,107.717
138.205,133.117
140.587,-49.345
142.967,-34.582
145.347,122.026
147.726,104.772
150.104,2.356
152.481,-27.336
154.857,-43.143
157.232,52.913
159.607,107.138
161.980,52.665
164.353,-14.077
166.725,7.355
169.095,98.809
171.465,91.890
173.834,-11.495
176.202,-55.623
178.570,-6.242
180.936,-41.332
183.302,-39.375
185.666,42.331
188.030,74.397
190.393,32.371
192.754,11.019
195.115,-7.119
197.476,-8.176
199.835,29.601
202.193,-9.008
204.551,-60.310
206.907,42.363
209.263,139.058
211.618,2.266
213.971,-18.630
216.324,-8.315
218.677,-31.692
221.028,-15.627
223.378,59.179
225.728,40.909
228.076,-2.383
230.424,20.769
232.771,37.893
235.117,-50.240
237.462,-43.026
239.806,13.047
242.150,16.155
244.492,-23.703
246.834,-30.412
249.174,-30.468
251.514,-44.235
253.853,-9.897
256.191,48.081
258.528,-4.544
260.865,-10.019
263.200,44.907
265.535,33.656
267.868,-11.041
270.201,101.271
272.533,67.085
274.864,-0.096
277.194,40.978
279.524,73.706
281.852,-11.290
284.180,54.686
286.506,112.568
288.832,101.962
291.157,141.297
293.481,123.232
295.805,129.699
298.127,145.797
300.449,150.308
302.769,157.202
305.089,142.393
307.408,185.066
309.726,116.089
312.043,56.637
314.359,200.018
316.675,121.816
318.990,133.115
321.303,133.192
323.616,116.814
325.928,253.796
328.239,144.672
330.550,55.742
332.859,116.312
335.168,209.646
337.475,246.277
339.782,261.833
342.088,230.252
344.393,173.269
346.698,200.742
349.001,299.912
351.304,177.574
353.605,113.610
355.906,121.240
358.206,139.141
360.505,229.704
362.804,166.085
365.101,132.696
367.398,150.314
369.693,178.031
371.988,247.518
374.282,164.986
376.575,53.724
378.868,33.014
381.159,87.903
383.450,138.082
385.740,125.836
388.029,143.559
390.317,138.807
392.604,94.456
394.890,124.643
397.176,120.412
399.461,84.574
401.744,48.903
404.028,46.492
406.310,93.591
408.591,117.435
410.871,150.636
413.151,120.817
415.430,48.814
417.708,80.756
419.985,43.032
422.261,45.881
424.537,77.216
426.811,102.225
429.085,155.040
431.358,18.369
433.630,49.760
435.901,103.087
438.172,-21.504
440.441,23.844
442.710,270.866
444.978,231.109
447.245,111.673
449.511,166.861
451.776,109.700
454.041,139.391
456.305,80.265
458.567,49.107
460.829,131.809
463.091,96.132
465.351,71.940
467.611,86.080
469.869,81.186
472.127,50.414
474.384,70.299
476.640,166.209
478.896,171.180
481.150,91.259
483.404,32.376
485.657,15.685
487.909,45.213
490.160,120.923
492.411,99.765
494.660,-19.300
496.909,-17.160
499.157,96.850
501.404,63.356
503.650,0.554
505.896,52.576
508.140,81.650
510.384,44.120
512.627,7.423
514.869,49.057
517.111,84.644
519.351,40.616
521.591,127.572
523.830,56.484
526.068,19.154
528.305,128.760
530.542,143.000
532.777,125.994
535.012,53.320
537.246,-6.357
539.479,52.422
541.711,163.512
543.943,101.659
546.174,48.213
548.403,39.250
550.633,12.593
552.861,13.970
555.088,108.376
557.315,20.841
559.541,-34.668
561.766,125.031
563.990,251.925
566.213,92.031
568.436,70.383
570.657,60.174
572.878,9.813
575.099,30.033
577.318,-21.531
579.536,15.842
581.754,110.384
583.971,83.671
586.187,-20.821
588.402,86.902
590.617,248.110
592.830,150.815
595.043,82.930
597.255,165.220
599.467,-5.815
601.677,158.529
603.887,113.426
606.095,92.012
608.303,280.436
610.511,86.885
612.717,116.392
614.923,80.310
617.127,52.717
619.331,142.169
621.535,99.950
623.737,112.409
625.939,35.806
628.140,14.235
630.340,90.366
632.539,56.011
634.737,20.549
636.935,49.169
639.132,54.412
641.328,26.471
643.523,59.246
645.717,117.271
647.911,71.142
650.104,34.909
652.296,60.703
654.487,88.524
656.677,124.756
658.867,32.315
661.056,22.140
663.244,57.639
665.431,-7.046
667.618,10.806
669.803,90.005
671.988,48.978
674.172,-20.680
676.356,34.833
678.538,97.887
680.720,51.167
682.901,33.064
685.081,90.215
687.260,111.937
689.439,50.840
691.617,61.897
693.794,101.646
695.970,141.568
698.145,140.973
700.320,66.722
702.494,33.081
704.667,77.029
706.839,80.295
709.011,46.970
711.182,10.626
713.352,-70.489
715.521,305.100
717.689,321.841
719.857,94.626
722.023,213.977
724.189,127.708
726.355,87.018
728.519,79.006
730.683,69.359
732.846,60.768
735.008,12.159
737.169,33.075
739.330,86.061
741.490,49.541
743.649,-2.371
745.807,79.680
747.964,96.878
750.121,45.881
752.277,37.534
754.432,139.705
756.587,226.090
758.740,82.642
760.893,10.084
763.045,58.735
765.196,28.601
767.347,11.286
769.497,285.166
771.645,147.112
773.794,31.493
775.941,-27.998
778.088,-154.864
780.234,14.833
782.379,136.868
784.523,77.081
786.667,21.068
788.809,75.145
790.951,110.014
793.093,62.603
795.233,36.757
797.373,107.149
799.512,149.044
801.650,80.051
803.787,95.682
805.924,116.311
808.060,121.288
810.195,108.915
812.330,88.838
814.463,115.140
816.596,153.891
818.728,60.287
820.859,18.387
822.990,82.533
825.120,42.791
827.249,112.773
829.377,142.865
831.505,23.827
833.631,20.914
835.757,203.681
837.883,52.687
840.007,124.583
842.131,90.952
844.254,-45.249
846.376,34.176
848.497,46.513
850.618,19.020
852.738,65.073
854.857,155.887
856.976,149.761
859.093,27.369
861.210,19.515
863.326,79.595
865.442,69.915
867.556,22.778
869.670,38.562
871.783,53.575
873.896,107.730
876.007,62.190
878.118,134.366
880.228,302.793
882.338,49.253
884.446,3.397
886.554,5.306
888.661,62.566
890.768,152.091
892.873,55.366
894.978,96.968
897.082,57.765
899.186,56.012
901.289,88.036
903.390,24.705
905.492,80.182
907.592,30.242
909.692,39.265
911.791,113.617
913.889,106.311
915.986,58.710
918.083,-1.227
920.179,29.000
922.274,69.349
924.368,23.125
926.462,3.220
928.555,143.150
930.647,98.575
932.739,55.500
934.830,80.067
936.920,39.613
939.009,65.896
941.097,142.076
943.185,70.317
945.272,29.088
947.359,68.865
949.444,-31.969
951.529,-2.017
953.613,97.159
955.696,140.390
957.779,107.497
959.861,61.442
961.942,48.430
964.023,26.084
966.102,39.714
968.181,13.747
970.259,-38.757
972.337,20.874
974.414,26.203
976.490,86.858
978.565,128.207
980.639,106.285
982.713,76.526
984.786,14.057
986.859,139.638
988.930,89.449
991.001,27.301
993.071,129.711
995.141,5.163
997.210,-49.877
999.278,80.979
1001.345,217.064
1003.411,187.759
1005.477,69.066
1007.542,50.899
1009.607,32.314
1011.670,94.072
1013.733,152.197
1015.795,84.649
1017.857,27.430
1019.917,62.283
1021.977,29.831
1024.037,88.267
1026.095,134.729
1028.153,-27.096
1030.210,22.011
1032.266,69.306
1034.322,57.452
1036.377,66.761
1038.431,53.918
1040.485,-20.763
1042.538,94.843
1044.590,65.863
1046.641,76.144
1048.692,140.313
1050.741,75.241
1052.791,189.992
1054.839,48.082
1056.887,23.510
1058.934,112.341
1060.980,45.676
1063.026,8.844
1065.071,93.607
1067.115,92.751
1069.158,19.879
1071.201,-13.528
1073.243,45.355
1075.284,183.495
1077.325,157.122
1079.365,21.089
1081.404,-10.533
1083.442,82.122
1085.480,97.176
1087.517,-10.530
1089.553,-13.729
1091.589,76.977
1093.624,102.443
1095.658,70.586
1097.691,105.497
1099.724,22.213
1101.756,-2.954
1103.787,71.175
1105.818,94.097
1107.848,35.387
1109.877,46.186
1111.906,44.840
1113.933,-32.262
1115.960,31.083
1117.987,188.280
1120.012,70.576
1122.037,42.722
1124.062,51.276
1126.085,72.457
1128.108,130.107
1130.130,129.602
1132.152,13.824
1134.172,45.777
1136.192,79.450
1138.212,13.059
1140.230,41.912
1142.248,205.936
1144.265,82.341
1146.282,49.935
1148.298,48.137
1150.313,21.529
1152.327,7.505
1154.341,-82.220
1156.354,23.177
1158.366,75.620
1160.378,35.086
1162.389,13.712
1164.399,12.945
1166.409,14.494
1168.417,24.452
1170.426,60.925
1172.433,43.895
1174.440,-18.565
1176.446,4.264
1178.451,58.272
1180.456,45.595
1182.460,9.035
1184.463,11.789
1186.466,36.945
1188.467,52.355
1190.469,99.974
1192.469,112.984
1194.469,56.705
1196.468,112.607
1198.466,255.095
1200.464,79.022
1202.461,7.703
1204.457,65.910
1206.453,104.570
1208.448,71.827
1210.442,19.579
1212.436,30.542
1214.429,50.411
1216.421,29.491
1218.412,242.922
1220.403,428.509
1222.393,11.607
1224.383,-43.949
1226.371,101.914
1228.359,172.776
1230.347,161.778
1232.334,131.681
1234.320,94.951
1236.305,78.625
1238.290,75.330
1240.273,35.502
1242.257,14.242
1244.239,58.224
1246.221,71.209
1248.202,196.276
1250.183,146.783
1252.163,92.560
1254.142,126.236
1256.120,38.956
1258.098,119.001
1260.075,152.618
1262.052,59.506
1264.028,-5.372
1266.003,68.183
1267.977,147.406
1269.951,48.031
1271.924,-2.369
1273.896,-15.479
1275.868,35.893
1277.839,102.496
1279.809,-4.305
1281.779,34.435
1283.748,25.740
1285.716,8.370
1287.684,24.356
1289.651,39.161
1291.617,107.228
1293.583,0.866
1295.547,15.015
1297.512,7.743
1299.475,117.987
1301.438,380.571
1303.400,57.576
1305.362,106.800
1307.323,197.602
1309.283,110.039
1311.243,66.011
1313.201,123.095
1315.160,149.761
1317.117,96.865
1319.074,113.985
1321.030,70.629
1322.986,28.873
1324.940,179.592
1326.895,91.623
1328.848,9.896
1330.801,26.764
1332.753,17.706
1334.705,-24.313
1336.655,22.082
1338.606,89.620
1340.555,98.735
1342.504,34.595
1344.452,66.034
1346.400,131.821
1348.346,2.006
1350.293,21.481
1352.238,54.679
1354.183,-25.859
1356.127,-27.744
1358.071,58.165
1360.013,1.578
1361.956,115.896
1363.897,92.912
1365.838,-3.329
1367.778,1.825
1369.718,52.018
1371.657,44.453
1373.595,36.705
1375.532,157.164
1377.469,155.489
1379.405,83.804
1381.341,118.929
1383.276,76.526
1385.210,57.865
1387.144,52.779
1389.077,67.452
1391.009,70.788
1392.941,56.611
1394.872,70.645
1396.802,5.264
1398.731,18.867
1400.660,18.231
1402.589,13.641
1404.516,65.480
1406.444,35.884
1408.370,42.030
1410.296,-53.240
1412.221,101.465
1414.145,250.016
1416.069,67.129
1417.992,85.212
1419.914,97.066
1421.836,87.402
1423.757,41.714
1425.678,-18.322
1427.598,21.408
1429.517,128.642
1431.435,21.258
1433.353,75.146
1435.270,118.204
1437.187,73.543
1439.103,112.883
1441.018,113.313
1442.933,5.280
1444.847,56.064
1446.760,137.585
1448.673,75.380
1450.585,-13.189
1452.496,17.247
1454.407,30.853
1456.317,31.571
1458.227,20.715
1460.135,18.080
1462.043,51.309
1463.951,77.912
1465.858,27.020
1467.764,-16.521
1469.670,33.958
1471.575,42.112
1473.479,1.283
1475.383,92.468
1477.286,119.011
1479.188,25.114
1481.090,-2.069
1482.991,26.664
1484.891,61.933
1486.791,108.885
1488.690,25.237
1490.589,155.355
1492.486,106.719
1494.384,7.192
1496.280,108.298
1498.176,141.782
1500.072,39.747
1501.966,50.442
1503.860,44.880
1505.754,-3.741
1507.646,-3.908
1509.538,47.992
1511.430,87.763
1513.321,34.389
1515.211,62.590
1517.101,56.279
1518.990,-14.994
1520.878,4.917
1522.765,65.763
1524.653,86.941
1526.539,61.273
1528.425,37.430
1530.310,10.555
1532.194,11.513
1534.078,114.293
1535.961,155.617
1537.844,33.990
1539.726,87.633
1541.607,162.298
1543.488,64.163
1545.368,78.640
1547.247,96.196
1549.126,73.086
1551.004,113.229
1552.882,115.914
1554.759,37.842
1556.635,17.536
1558.511,21.072
1560.386,32.114
1562.260,-10.903
1564.134,-26.126
1566.007,36.304
1567.880,78.539
1569.752,53.144
1571.623,54.190
1573.493,11.049
1575.363,63.750
1577.233,77.940
1579.102,78.235
1580.970,316.507
1582.837,73.992
1584.704,-13.450
1586.570,26.149
1588.436,-22.589
1590.301,220.737
1592.165,636.195
1594.029,80.380
1595.892,55.925
1597.755,153.240
1599.617,73.014
1601.478,82.369
1603.338,99.541
1605.198,-17.307
1607.058,-1.438
1608.917,42.123
1610.775,73.895
1612.632,89.302
1614.489,40.273
1616.346,-5.839
1618.201,64.945
1620.056,27.071
1621.911,92.387
1623.765,217.361
1625.618,105.114
1627.470,-16.469
1629.322,298.109
1631.174,124.194
1633.024,16.499
1634.874,98.223
1636.724,72.785
1638.573,-4.821
1640.421,-6.249
1642.269,130.372
1644.116,94.366
1645.962,60.762
1647.808,90.360
1649.653,63.213
1651.498,68.349
1653.342,100.797
1655.185,98.988
1657.028,40.761
1658.870,50.485
1660.712,34.470
1662.552,67.783
1664.393,469.094
1666.232,151.172
1668.071,48.692
1669.910,193.454
1671.748,170.411
1673.585,65.600
1675.422,-4.466
1677.258,9.500
1679.093,333.611
1680.928,208.603
1682.762,-32.861
1684.596,52.780
1686.429,63.517
1688.261,56.945
1690.093,59.822
1691.924,57.228
1693.754,42.840
1695.584,18.225
1697.414,72.355
1699.242,194.992
1701.071,69.647
1702.898,58.869
1704.725,68.888
1706.551,72.212
1708.377,84.513
1710.202,-4.762
1712.027,-79.326
1713.851,49.602
1715.674,2.556
1717.497,2.842
1719.319,61.782
1721.140,40.996
1722.961,85.060
1724.781,-2.131
1726.601,88.999
1728.420,44.195
1730.238,11.450
1732.056,88.206
1733.874,45.467
1735.690,15.728
1737.506,34.996
1739.322,4.026
1741.137,-28.857
1742.951,25.025
1744.765,68.352
1746.578,21.273
1748.390,62.075
1750.202,32.225
1752.013,-8.065
1753.824,41.787
1755.634,98.615
1757.444,84.847
1759.253,65.160
1761.061,37.584
1762.869,145.109
1764.676,122.755
1766.482,23.613
1768.288,20.443
1770.094,61.621
1771.898,98.116
1773.702,58.642
1775.506,23.134
1777.309,22.282
1779.111,74.177
1780.913,92.036
1782.714,15.549
1784.515,37.419
1786.315,63.554
1788.114,61.953
1789.913,21.063
1791.711,60.392
1793.509,114.210
1795.306,3.562
1797.102,42.688
1798.898,9.123
1800.694,29.453
1802.488,54.419
1804.282,17.467
1806.076,1.280
1807.869,22.665
1809.661,81.143
1811.453,-43.761
1813.244,153.558
1815.035,203.402
1816.824,-2.880
1818.614,74.407
1820.403,37.579
1822.191,92.692
1823.979,118.391
1825.766,123.100
1827.552,90.992
1829.338,31.070
1831.123,64.017
1832.908,149.946
1834.692,95.767
1836.476,-29.195
1838.259,26.109
1840.041,94.701
1841.823,43.622
1843.604,75.824
1845.385,96.957
1847.165,90.061
1848.944,1.297
1850.723,68.566
1852.501,125.165
1854.279,32.634
1856.056,42.295
1857.833,-13.789
1859.609,112.741
1861.384,95.034
1863.159,17.318
1864.933,42.879
1866.707,69.503
1868.480,53.008
1870.253,53.409
1872.024,72.033
1873.796,24.633
1875.567,12.875
1877.337,95.680
1879.106,126.731
1880.875,50.501
1882.644,57.438
1884.412,20.283
1886.179,-0.005
1887.946,38.444
1889.712,78.540
1891.478,87.404
1893.243,68.460
1895.007,16.603
1896.771,68.893
1898.534,93.778
1900.297,90.717
1902.059,70.418
1903.821,34.898
1905.582,48.003
1907.342,6.929
1909.102,-15.696
1910.861,25.813
1912.620,39.994
1914.378,26.066
1916.136,31.337
1917.893,53.303
1919.649,149.793
1921.405,112.790
1923.160,71.432
1924.915,52.071
1926.669,46.451
1928.423,52.584
1930.176,28.395
1931.928,32.001
1933.680,-14.264
1935.432,31.741
1937.182,112.539
1938.933,83.037
1940.682,3.818
1942.431,45.708
1944.180,139.523
1945.928,25.962
1947.675,-29.651
1949.422,2.336
1951.168,43.848
1952.914,87.003
1954.659,96.052
1956.403,59.203
1958.147,45.359
1959.891,17.967
1961.633,-16.143
1963.376,-26.666
1965.117,-3.117
1966.858,23.188
1968.599,21.994
1970.339,60.514
1972.079,64.397
1973.817,76.261
1975.556,93.536
1977.294,89.705
1979.031,96.579
1980.767,147.570
1982.503,199.005
1984.239,72.081
1985.974,106.067
1987.708,49.916
1989.442,-50.650
1991.176,56.198
1992.908,85.781
1994.640,42.380
1996.372,-11.456
1998.103,23.819
1999.834,72.179
2001.564,62.704
2003.293,66.930
2005.022,90.355
2006.750,12.553
2008.478,-1.551
2010.205,66.403
2011.932,52.066
2013.658,20.476
2015.383,77.122
2017.108,97.700
2018.832,35.937
2020.556,108.195
2022.279,68.960
2024.002,95.354
2025.724,97.243
2027.446,29.655
2029.167,47.765
2030.888,87.890
2032.607,38.156
2034.327,78.855
2036.046,60.064
2037.764,60.496
2039.482,104.621
2041.199,112.264
2042.916,116.186
2044.632,136.401
2046.347,89.176
2048.062,61.999
2049.777,5.168
2051.491,6.400
2053.204,62.270
2054.917,107.602
2056.629,176.213
2058.341,136.716
2060.052,49.423
2061.762,38.856
2063.472,14.405
2065.182,31.499
2066.891,73.822
2068.599,21.106
2070.307,40.454
2072.014,134.860
2073.721,135.510
2075.427,50.731
2077.133,240.607
2078.838,315.148
2080.543,31.655
2082.247,-12.562
2083.950,-4.396
2085.653,113.574
2087.356,20.793
2089.058,49.897
2090.759,45.470
2092.460,-47.334
2094.160,64.572
2095.860,74.472
2097.559,-54.835
2099.257,-3.357
2100.955,88.645
2102.653,64.994
2104.350,23.798
2106.046,70.954
2107.742,114.963
2109.438,58.199
2111.132,27.982
2112.827,41.451
2114.520,82.541
2116.214,59.266
2117.906,197.382
2119.598,311.980
2121.290,-10.688
2122.981,-14.229
2124.672,16.980
2126.362,24.686
2128.051,6.886
2129.740,1.977
2131.428,-6.266
2133.116,17.159
2134.803,124.014
2136.490,51.689
2138.176,64.445
2139.862,127.937
2141.547,176.340
2143.232,109.008
2144.916,64.338
2146.599,130.043
2148.282,53.799
2149.965,85.784
2151.647,33.669
2153.328,35.572
2155.009,24.496
2156.689,21.835
2158.369,45.832
2160.048,8.896
2161.727,46.528
2163.405,99.287
2165.083,13.755
2166.760,-2.344
2168.436,82.509
2170.112,74.778
2171.788,17.219
2173.463,48.332
2175.137,10.474
2176.811,-11.044
2178.485,85.575
2180.158,24.787
2181.830,56.922
2183.502,87.577
2185.173,-2.317
2186.844,59.766
2188.514,68.691
2190.184,60.395
2191.853,42.481
2193.522,82.907
2195.190,62.109
2196.857,28.066
2198.524,8.592
2200.191,121.942
2201.857,482.496
2203.522,68.036
2205.187,41.023
2206.852,26.741
2208.516,-0.106
2210.179,10.082
2211.842,-9.225
2213.504,89.307
2215.166,115.629
2216.827,47.448
2218.488,20.402
2220.148,-7.512
2221.808,79.651
2223.467,100.092
2225.126,51.549
2226.784,85.387
2228.441,-18.216
2230.099,36.129
2231.755,98.042
2233.411,31.116
2235.067,11.615
2236.722,43.534
2238.376,58.357
2240.030,114.444
2241.684,150.515
2243.336,48.862
2244.989,3.931
2246.641,197.257
2248.292,126.457
2249.943,-7.344
2251.593,5.664
2253.243,12.533
2254.892,57.718
2256.541,0.065
2258.189,24.952
2259.837,98.921
2261.484,66.437
2263.131,26.082
2264.777,4.610
2266.423,-3.582
2268.068,45.761
2269.712,17.106
2271.357,-20.362
2273.000,56.911
2274.643,93.974
2276.286,86.448
2277.928,71.700
2279.569,27.648
2281.210,3.976
2282.851,55.993
2284.491,91.586
2286.130,101.625
2287.769,75.235
2289.408,77.922
2291.046,63.097
2292.683,20.758
2294.320,77.625
2295.956,147.429
2297.592,24.302
2299.227,46.963
2300.862,-27.185
2302.497,70.717
2304.130,60.368
2305.764,23.745
2307.397,14.603
2309.029,-6.792
2310.661,193.518
2312.292,79.428
2313.923,22.585
2315.553,17.621
2317.183,47.182
2318.812,43.722
2320.441,4.027
2322.069,27.015
2323.696,102.410
2325.324,96.848
2326.950,6.834
2328.577,21.049
2330.202,36.382
2331.827,153.158
2333.452,244.057
2335.076,158.281
2336.700,19.026
2338.323,-31.027
2339.946,29.025
2341.568,74.906
2343.189,4.721
2344.810,6.005
2346.431,53.200
2348.051,74.738
2349.671,43.006
2351.290,-15.313
2352.908,35.653
2354.526,126.143
2356.144,8.762
2357.761,52.384
2359.378,27.129
2360.994,10.417
2362.609,44.512
2364.224,33.683
2365.839,45.139
2367.453,85.766
2369.066,116.456
2370.680,134.862
2372.292,148.702
2373.904,7.587
2375.516,-10.680
2377.127,68.404
2378.737,70.636
2380.347,53.779
2381.957,3.688
2383.566,87.426
2385.174,153.935
2386.782,92.514
2388.390,4.448
2389.997,39.486
2391.604,189.460
2393.210,203.552
2394.815,33.314
2396.420,-24.723
2398.025,-0.721
2399.629,96.809
2401.232,102.220
2402.835,259.775
2404.438,173.045
2406.040,18.821
2407.642,69.752
2409.243,51.039
2410.843,52.345
2412.443,123.694
2414.043,117.013
2415.642,61.142
2417.241,165.299
2418.839,143.847
2420.436,33.708
2422.033,17.422
2423.630,5.883
2425.226,-17.688
2426.822,-15.959
2428.417,56.117
2430.012,3.958
2431.606,39.702
2433.199,90.289
2434.793,61.251
2436.385,113.702
2437.977,194.285
2439.569,131.678
2441.160,117.332
2442.751,94.115
2444.341,49.145
2445.931,131.519
2447.520,105.015
2449.109,16.077
2450.697,-8.195
2452.285,75.960
2453.872,175.046
2455.459,70.429
2457.045,9.085
2458.631,126.841
2460.216,73.089
2461.801,11.845
2463.385,53.669
2464.969,131.500
2466.553,121.681
2468.135,60.222
2469.718,63.448
2471.300,33.410
2472.881,49.135
2474.462,74.059
2476.042,-14.431
2477.622,138.005
2479.202,217.138
2480.781,127.149
2482.359,85.523
2483.937,-17.505
2485.515,-49.250
2487.092,207.031
2488.668,132.040
2490.244,81.716
2491.820,71.895
2493.395,60.754
2494.970,39.475
2496.544,89.716
2498.118,82.857
2499.691,-17.781
2501.263,86.631
2502.836,82.510
2504.407,61.552
2505.978,73.920
2507.549,116.086
2509.119,82.984
2510.689,31.391
2512.259,12.866
2513.827,40.896
2515.396,82.081
2516.964,33.558
2518.531,78.329
2520.098,53.242
2521.664,50.650
2523.230,72.348
2524.796,117.385
2526.361,38.921
2527.925,65.686
2529.489,79.457
2531.053,127.483
2532.616,619.303
2534.178,43.315
2535.740,33.049
2537.302,6.455
2538.863,-16.659
2540.424,19.555
2541.984,86.912
2543.544,65.679
2545.103,-19.822
2546.662,45.594
2548.220,98.391
2549.778,98.377
2551.335,343.306
2552.892,141.767
2554.448,75.118
2556.004,68.728
2557.560,41.056
2559.115,69.165
2560.669,90.879
2562.223,60.891
2563.777,-14.532
2565.330,-14.969
2566.882,-11.902
2568.434,83.056
2569.986,84.023
2571.537,15.443
2573.088,-12.382
2574.638,88.993
2576.188,113.574
2577.737,30.958
2579.286,115.353
2580.834,106.325
2582.382,-29.946
2583.929,104.926
2585.476,229.485
2587.023,104.241
2588.569,50.164
2590.114,61.924
2591.659,67.807
2593.204,146.982
2594.748,123.618
2596.291,4.963
2597.835,100.968
2599.377,12.726
2600.919,27.561
2602.461,110.924
2604.002,161.822
2605.543,124.142
2607.084,137.496
2608.623,52.625
2610.163,28.131
2611.702,200.730
2613.240,19.004
2614.778,85.581
2616.316,54.200
2617.853,46.252
2619.389,75.115
2620.925,-89.477
2622.461,-9.427
2623.996,133.835
2625.531,63.874
2627.065,32.714
2628.599,45.465
2630.132,63.163
2631.665,42.844
2633.198,98.273
2634.730,165.646
2636.261,23.360
2637.792,14.463
2639.323,93.762
2640.853,77.082
2642.382,77.911
2643.911,108.234
2645.440,40.418
2646.968,-28.880
2648.496,44.284
2650.023,152.903
2651.550,70.540
2653.077,215.395
2654.603,147.743
2656.128,15.377
2657.653,102.998
2659.178,167.700
2660.702,122.709
2662.225,84.307
2663.748,29.490
2665.271,65.915
2666.793,63.406
2668.315,95.700
2669.836,79.965
2671.357,-61.924
2672.878,45.706
2674.398,145.168
2675.917,129.649
2677.436,122.517
2678.955,15.325
2680.473,0.174
2681.990,107.019
2683.508,66.835
2685.024,158.973
2686.541,60.366
2688.056,22.708
2689.572,1.434
2691.087,23.946
2692.601,67.804
2694.115,31.762
2695.629,27.903
2697.142,121.638
2698.654,128.939
2700.166,42.747
2701.678,49.343
2703.189,33.696
2704.700,42.004
2706.210,54.583
2707.720,98.594
2709.230,44.746
2710.739,-2.336
2712.247,-13.231
2713.755,44.312
2715.263,155.442
2716.770,71.274
2718.277,111.576
2719.783,33.856
2721.289,44.831
2722.794,57.987
2724.299,81.857
2725.804,-22.704
2727.308,-3.415
2728.811,77.736
2730.314,87.231
2731.817,85.088
2733.319,47.380
2734.821,50.126
2736.322,59.325
2737.823,92.622
2739.323,64.511
2740.823,90.896
2742.323,115.944
2743.822,108.825
2745.320,-19.277
2746.818,13.862
2748.316,84.521
2749.813,73.562
2751.310,36.909
2752.806,-9.812
2754.302,265.849
2755.798,145.279
2757.293,104.427
2758.787,60.240
2760.281,5.383
2761.775,22.471
2763.268,28.239
2764.761,133.935
2766.253,134.966
2767.745,24.576
2769.237,16.042
2770.728,21.306
2772.218,13.712
2773.708,-17.695
2775.198,54.053
2776.687,127.871
2778.176,147.079
2779.664,61.263
2781.152,-0.119
2782.639,52.671
2784.126,137.110
2785.613,55.516
2787.099,13.163
2788.585,122.163
2790.070,106.787
2791.555,72.711
2793.039,114.538
2794.523,106.464
2796.006,109.848
2797.489,57.889
2798.972,12.404
2800.454,40.192
2801.935,70.939
2803.417,98.497
2804.897,88.436
2806.378,42.182
2807.858,65.984
2809.337,82.237
2810.816,28.369
2812.295,49.789
2813.773,-15.948
2815.250,-1.055
2816.728,7.854
2818.204,36.158
2819.681,26.304
2821.157,66.865
2822.632,86.515
2824.107,117.141
2825.582,66.200
2827.056,3.560
2828.530,26.704
2830.003,7.050
2831.476,22.753
2832.948,24.890
2834.420,25.190
2835.892,79.873
2837.363,39.654
2838.834,110.210
2840.304,20.210
2841.774,131.923
2843.243,137.950
2844.712,79.860
2846.181,63.552
2847.649,87.223
2849.116,99.564
2850.583,39.023
2852.050,100.532
2853.516,32.218
2854.982,4.446
2856.448,104.059
2857.913,77.192
2859.377,25.961
2860.841,52.081
2862.305,-71.522
2863.768,-102.305
2865.231,32.046
2866.694,33.849
2868.156,277.351
2869.617,378.477
2871.078,31.912
2872.539,59.941
2873.999,62.314
2875.459,64.384
2876.918,113.189
2878.377,59.485
2879.836,106.007
2881.294,92.725
2882.752,32.369
2884.209,36.325
2885.666,102.569
2887.122,86.261
2888.578,47.461
2890.033,52.513
2891.489,67.812
2892.943,65.001
2894.397,4.433
2895.851,17.317
2897.304,100.061
2898.757,54.952
2900.210,145.831
2901.662,12.647
2903.114,-25.281
2904.565,-17.780
2906.016,78.714
2907.466,133.584
2908.916,66.986
2910.365,104.203
2911.814,108.571
2913.263,33.267
2914.711,60.253
2916.159,44.387
2917.606,24.640
2919.053,59.510
2920.500,-11.465
2921.946,136.559
2923.392,22.850
2924.837,35.015
2926.282,13.582
2927.726,6.736
2929.170,132.071
2930.614,79.609
2932.057,8.704
2933.499,18.733
2934.942,23.414
2936.383,43.188
2937.825,72.588
2939.266,96.995
2940.706,136.338
2942.146,143.567
2943.586,96.364
2945.025,143.005
2946.464,-9.508
2947.903,37.689
2949.341,58.962
2950.778,25.695
2952.216,118.864
2953.652,169.178
2955.089,214.064
2956.525,75.147
2957.960,158.419
2959.395,177.356
2960.830,-9.532
2962.264,49.882
2963.698,95.898
2965.131,123.421
2966.564,137.498
2967.997,15.748
2969.429,92.989
2970.861,118.345
2972.292,62.251
2973.723,57.549
2975.153,104.489
2976.583,143.001
2978.013,51.627
2979.442,125.540
2980.871,135.079
2982.299,80.289
2983.727,26.273
2985.155,98.737
2986.582,150.172
2988.008,186.668
2989.435,255.655
2990.861,35.576
2992.286,60.819
2993.711,64.381
2995.136,62.921
2996.560,-89.276
2997.984,193.397
2999.407,61.033
3000.830,59.156
3002.252,81.824
3003.674,123.601
3005.096,46.193
3006.517,64.700
3007.938,83.810
3009.359,135.178
3010.779,183.909
3012.198,-73.696
3013.618,470.744
3015.036,880.566
3016.455,-38.982
3017.873,42.443
3019.290,63.178
3020.707,6.854
3022.124,133.461
3023.540,80.947
3024.956,-3.006
3026.372,201.109
3027.787,121.270
3029.202,-23.363
3030.616,56.885
3032.030,22.080
3033.443,129.568
3034.856,110.398
3036.269,-8.238
3037.681,129.933
3039.093,234.817
3040.504,121.446
3041.915,46.140
3043.325,28.805
3044.736,40.457
3046.145,93.956
3047.555,81.250
3048.964,117.955
3050.372,73.986
3051.780,82.417
3053.188,185.828
3054.595,174.121
3056.002,8.997
3057.408,107.704
3058.814,52.670
3060.220,90.760
3061.625,32.602
3063.030,24.860
3064.435,-11.147
3065.839,83.932
3067.242,129.455
3068.645,92.527
3070.048,78.132
3071.450,52.344
3072.852,54.062
3074.254,39.822
3075.655,-33.866
3077.056,198.666
3078.456,677.919
3079.856,28.349
3081.256,61.649
3082.655,68.770
3084.054,89.669
3085.452,42.173
3086.850,1.484
3088.247,94.354
3089.644,40.147
3091.041,65.785
3092.437,120.997
3093.833,124.997
3095.229,110.167
3096.624,168.082
3098.018,169.572
3099.413,46.995
3100.807,33.785
3102.200,103.389
3103.593,45.170
3104.986,130.694
3106.378,187.136
3107.770,4.465
3109.161,76.980
3110.552,91.881
3111.943,108.468
3113.333,43.616
3114.723,44.863
3116.113,123.945
3117.502,65.757
3118.890,96.701
3120.279,71.887
3121.666,138.593
3123.054,35.314
3124.441,-48.048
3125.828,148.974
3127.214,167.083
3128.600,147.330
3129.985,135.675
3131.370,92.399
3132.755,54.597
3134.139,46.166
3135.523,89.520
3136.906,173.968
3138.289,175.193
3139.672,75.309
3141.054,35.356
3142.436,135.146
3143.818,231.262
3145.199,154.376
3146.579,118.929
3147.960,169.778
3149.339,130.587
3150.719,220.547
3152.098,178.745
3153.477,166.602
3154.855,117.033
3156.233,184.767
3157.610,92.474
3158.987,176.610
3160.364,140.554
3161.740,321.593
3163.116,241.994
3164.492,119.945
3165.867,183.300
3167.242,279.634
3168.616,164.964
3169.990,234.743
3171.363,197.974
3172.737,148.250
3174.109,209.692
3175.482,185.154
3176.854,187.857
3178.225,282.381
3179.596,235.176
3180.967,207.576
3182.338,185.753
3183.708,140.743
3185.077,246.435
3186.446,124.308
3187.815,349.096
3189.184,-73.922
3190.552,-1012.367
3191.919,415.054
3193.287,245.189
3194.653,228.693
3196.020,236.200
3197.386,159.385
3198.752,178.229
3200.117,187.981
3201.482,230.919
3202.846,161.168
3204.210,183.739
3205.574,262.575
3206.938,200.904
3208.300,160.980
3209.663,184.268
3211.025,152.289
3212.387,80.474
3213.748,172.133
3215.109,200.042
3216.470,182.969
3217.830,120.127
3219.190,161.641
3220.550,173.134
3221.909,97.617
3223.267,111.444
3224.626,114.486
3225.983,89.354
3227.341,125.075
3228.698,126.793
3230.055,184.492
3231.411,234.166
3232.767,98.532
3234.123,126.288
3235.478,158.497
3236.833,48.969
3238.187,148.017
3239.541,87.944
3240.895,65.636
3242.248,153.024
3243.601,174.698
3244.953,4.930
3246.306,67.836
3247.657,84.682
3249.009,127.523
3250.360,90.311
3251.710,251.265
3253.060,148.795
3254.410,105.662
3255.760,50.268
3257.109,114.343
3258.457,-2.106
3259.805,118.690
3261.153,43.132
3262.501,113.022
3263.848,47.922
3265.195,96.428
3266.541,6.936
3267.887,10.164
3269.233,11.130
3270.578,136.930
3271.923,32.036
3273.267,172.311
3274.611,74.686
3275.955,105.890
3277.298,34.874
3278.641,40.632
3279.983,107.467
3281.326,215.027
3282.667,101.152
3284.009,66.700
3285.350,106.237
3286.690,101.724
3288.031,82.367
3289.370,37.575
3290.710,17.310
3292.049,59.485
3293.388,129.138
3294.726,78.396
3296.064,36.839
3297.402,126.881
3298.739,65.952
3300.076,-19.278
3301.412,121.816
3302.748,108.875
3304.084,-35.294
3305.419,4.676
3306.754,72.800
3308.089,51.857
3309.423,38.629
3310.757,73.778
3312.090,158.392
3313.423,205.187
3314.756,48.605
3316.088,83.094
3317.420,93.958
3318.752,111.339
3320.083,98.841
3321.414,88.057
3322.744,118.008
3324.074,94.397
3325.404,23.445
3326.733,160.479
3328.062,66.215
3329.391,60.060
3330.719,51.594
3332.046,-18.495
3333.374,116.102
3334.701,5.588
3336.028,26.075
3337.354,-31.658
3338.680,75.247
3340.005,20.988
3341.331,66.668
3342.655,149.727
3343.980,74.599
3345.304,53.210
3346.627,47.921
3347.951,63.995
3349.274,66.783
3350.596,-8.055
3351.918,217.411
3353.240,76.345
3354.562,300.696
3355.883,63.702
3357.203,116.943
3358.524,63.216
3359.844,27.284
3361.163,3.615
3362.483,85.516
3363.801,36.553
3365.120,72.196
3366.438,83.079
3367.756,45.114
3369.073,25.912
3370.390,63.388
3371.707,89.163
3373.023,28.574
3374.339,46.938
3375.654,-25.875
3376.969,55.971
3378.284,58.036
3379.599,109.181
3380.913,-29.168
3382.226,88.114
3383.540,71.733
3384.853,6.137
3386.165,158.156
3387.477,84.376
3388.789,60.908
3390.101,61.001
3391.412,79.191
3392.722,141.611
3394.033,88.037
3395.343,-3.405
3396.652,208.803
3397.962,31.612
3399.270,65.578
3400.579,79.627
3401.887,33.889
3403.195,29.284
3404.502,173.863
3405.809,66.032
3407.116,134.970
3408.422,-46.996
3409.728,75.278
3411.034,32.566
3412.339,-9.110
3413.644,122.168
3414.948,132.078
3416.253,3.293
3417.556,123.154
3418.860,56.864
3420.163,-11.714
3421.465,58.136
3422.768,36.354
3424.070,36.750
3425.371,102.720
3426.672,59.125
3427.973,159.283
3429.274,8.244
3430.574,58.195
3431.874,28.707
3433.173,46.716
3434.472,52.859
3435.771,21.592
3437.069,9.988
3438.367,105.616
3439.665,49.577
3440.962,141.175
3442.259,33.457
3443.555,28.559
3444.851,48.213
3446.147,93.989
3447.442,3.140
3448.738,66.036
3450.032,262.231
3451.327,53.893
3452.621,32.689
3453.914,34.978
3455.207,82.187
3456.500,209.027
3457.793,44.538
3459.085,56.620
3460.377,135.994
3461.668,39.820
3462.959,-73.349
3464.250,0.993
3465.540,22.914
3466.830,10.752
3468.120,-14.685
3469.409,72.307
3470.698,35.193
3471.987,84.405
3473.275,121.439
3474.563,38.215
3475.850,103.581
3477.138,107.906
3478.424,65.741
3479.711,69.368
3480.997,57.848
3482.283,-13.636
3483.568,38.360
3484.853,81.417
3486.138,332.197
3487.422,189.195
3488.706,71.778
3489.989,122.424
3491.273,38.081
3492.556,49.592
3493.838,62.967
3495.120,-30.543
3496.402,68.323
3497.683,53.906
3498.965,42.518
3500.245,56.743
3501.526,232.469
3502.806,43.271
3504.085,23.378
3505.365,18.592
3506.644,14.362
3507.922,76.583
3509.200,78.628
3510.478,63.043
3511.756,83.700
3513.033,56.974
3514.310,67.871
3515.586,90.957
3516.863,72.078
3518.138,40.727
3519.414,33.982
3520.689,6.010
3521.964,102.815
3523.238,48.157
3524.512,34.893
3525.786,125.741
3527.059,89.723
3528.332,82.860
3529.604,143.441
3530.877,52.372
3532.149,56.514
3533.420,-21.577
3534.691,-40.634
3535.962,98.945
3537.233,42.988
3538.503,127.356
3539.773,128.214
3541.042,70.358
3542.311,11.614
3543.580,14.959
3544.848,20.402
3546.116,15.841
3547.384,58.970
3548.651,59.999
3549.918,54.727
3551.185,116.062
3552.451,114.062
3553.717,105.982
3554.983,30.343
3556.248,91.530
3557.513,-7.237
3558.778,152.292
3560.042,118.338
3561.306,43.894
3562.569,-55.327
3563.832,78.507
3565.095,117.933
3566.358,56.860
3567.620,136.568
3568.882,115.201
3570.143,30.530
3571.404,162.963
3572.665,135.585
3573.925,127.035
3575.185,15.278
3576.445,181.183
3577.704,239.044
3578.963,168.783
3580.222,11.866
3581.480,150.032
3582.738,147.090
3583.996,85.275
3585.253,103.028
3586.510,104.269
3587.767,35.856
3589.023,-35.809
3590.279,21.363
3591.534,32.464
3592.790,48.103
3594.044,-30.419
3595.299,59.607
3596.553,152.613
3597.807,87.516
3599.060,73.872
3600.314,65.389
3601.566,1.079
3602.819,90.067
3604.071,46.803
3605.323,4.542
3606.574,71.077
3607.825,48.641
3609.076,90.857
3610.326,72.488
3611.576,-7.386
3612.826,131.991
3614.075,27.851
3615.324,4.556
3616.573,6.336
3617.821,30.228
3619.069,130.180
3620.317,66.721
3621.564,70.036
3622.811,149.425
3624.058,112.748
3625.304,106.973
3626.550,115.509
3627.796,45.841
3629.041,77.126
3630.286,3.854
3631.531,61.707
3632.775,138.200
3634.019,131.084
3635.262,-15.074
3636.506,41.872
3637.749,74.297
3638.991,53.823
3640.233,109.287
3641.475,42.135
3642.717,134.214
3643.958,152.158
3645.199,18.152
3646.439,86.462
3647.680,43.728
3648.919,-11.475
3650.159,82.950
3651.398,120.544
3652.637,123.682
3653.875,-32.212
3655.114,84.634
3656.351,30.001
3657.589,84.821
3658.826,113.576
3660.063,-35.647
3661.299,24.248
3662.535,45.444
3663.771,12.736
3665.007,40.102
3666.242,160.161
3667.477,74.195
3668.711,100.275
3669.945,119.145
3671.179,64.876
3672.412,18.015
3673.645,59.402
3674.878,80.852
3676.111,161.521
3677.343,69.833
3678.575,103.583
3679.806,-32.232
3681.037,3.991
3682.268,23.415
3683.498,40.374
3684.728,40.359
3685.958,71.399
3687.188,61.835
3688.417,21.055
3689.645,27.824
3690.874,56.142
3692.102,-2.770
3693.330,72.572
3694.557,29.548
3695.784,91.199
3697.011,-22.354
3698.237,180.048
3699.464,37.378
3700.689,56.490
3701.915,73.246
3703.140,149.851
3704.365,25.874
3705.589,51.536
3706.813,-4.946
3708.037,39.283
3709.260,57.654
3710.483,132.923
3711.706,88.758
3712.929,60.170
3714.151,17.628
3715.373,29.388
3716.594,272.090
3717.815,160.144
3719.036,109.030
3720.256,80.629
3721.477,83.376
3722.696,-3.265
3723.916,69.242
3725.135,49.240
3726.354,49.982
3727.572,60.985
3728.790,129.322
3730.008,31.262
3731.226,35.632
3732.443,41.776
3733.660,117.947
3734.876,-14.086
3736.092,81.942
3737.308,-21.616
3738.524,113.285
3739.739,-24.282
3740.954,191.674
3742.168,-4.084
3743.383,62.930
3744.596,100.480
3745.810,56.492
3747.023,92.058
3748.236,63.023
3749.449,15.866
3750.661,56.409
3751.873,26.053
3753.085,32.221
3754.296,111.027
3755.507,31.948
3756.717,202.373
3757.928,43.787
3759.138,83.837
3760.347,73.801
3761.557,4.933
3762.766,87.868
3763.974,110.038
3765.182,30.794
3766.391,13.770
3767.598,40.067
3768.806,70.400
3770.013,10.795
3771.219,91.863
3772.426,-13.321
3773.632,115.023
3774.837,50.685
3776.043,97.471
3777.248,88.032
3778.453,72.128
3779.657,12.838
3780.861,-17.396
3782.065,-2.676
3783.269,-7.969
3784.472,24.323
3785.675,51.492
3786.877,68.169
3788.079,45.907
3789.281,53.702
3790.483,93.311
3791.684,93.060
3792.885,65.572
3794.085,102.220
3795.285,272.998
3796.485,745.044
3797.685,40.723
3798.884,31.666
3800.083,-62.572
3801.282,251.423
3802.480,126.155
3803.678,60.149
3804.876,86.104
3806.073,109.091
3807.270,68.626
3808.467,67.021
3809.663,-24.073
3810.859,43.960
3812.055,-0.139
3813.250,47.936
3814.446,118.978
3815.640,83.169
3816.835,57.587
3818.029,46.111
3819.223,48.927
3820.416,73.359
3821.610,75.842
3822.802,27.087
3823.995,43.962
3825.187,89.327
3826.379,54.188
3827.571,42.409
3828.762,37.334
3829.953,16.765
3831.144,40.937
3832.334,94.741
3833.524,-24.813
3834.714,43.755
3835.903,34.728
3837.092,-13.942
3838.281,79.878
3839.469,26.403
3840.657,132.507
3841.845,20.846
3843.032,44.531
3844.220,60.495
3845.406,31.728
3846.593,30.842
3847.779,128.773
3848.965,-7.288
3850.150,112.765
3851.336,33.825
3852.521,-6.256
3853.705,30.368
3854.890,7.272
3856.074,-1.434
3857.257,8.318
3858.441,114.065
3859.624,107.067
3860.806,23.190
3861.989,13.736
